Gnrc_Name,ATC_Codes,Disease_Category
0.9 % Sodium Chloride,,
Aa 5 %/Calcium/Lytes/Dext 20 %,,
Aa 5%/D15w/Electrolytes,,
Abacavir Sulfate,J05AF,
Abacavir Sulfate/Lamivudine,,
Abacavir/Dolutegravir/Lamivudi,,
Abacavir/Lamivudine/Zidovudine,,
Abaloparatide,H05AA,
Abatacept,L04AA,Arthritis
Abatacept/Maltose,,
Abemaciclib,L01EF,
"Abiraterone Acet,Submicronized",,
Abiraterone Acetate,L01XK|L02BX,
Abobotulinumtoxina,,
Abrocitinib,D11AH,
Acalabrutinib,L01EL,
Acalabrutinib Maleate,,
Acamprosate Calcium,N07BB,
Acarbose,A10BF,Diabetes
Acebutolol HCl,,
Acetaminophen,N02AJ|N02BE,
Acetaminophen With Codeine,,
Acetaminophen/Caff/Dihydrocod,,
Acetazolamide,S01EC,
Acetazolamide Sodium,S01EC,
Acetic Acid,G01AD|S02AA,
Acetohydroxamic Acid,G04BX,
Acetylcysteine,R05CB|S01XA|V03AB,
Acitretin,D05BB,
Aclidinium Brom/Formoterol Fum,,
Aclidinium Bromide,R03BB,
Acyclovir,D06BB|J05AB|S01AD,
Acyclovir Sodium,D06BB|J05AB|S01AD,
Acyclovir/Hydrocortisone,,
Adagrasib,L01XX,
Adalimumab,L04AB,Arthritis
Adalimumab-Aaty,L04AB,Arthritis
Adalimumab-Adaz,L04AB,Arthritis
Adalimumab-Adbm,L04AB,Arthritis
Adalimumab-Aqvh,L04AB,Arthritis
Adalimumab-Atto,L04AB,Arthritis
Adalimumab-Bwwd,L04AB,Arthritis
Adalimumab-Fkjp,L04AB,Arthritis
Adapalene,D10AD,
Adapalene/Benzoyl Peroxide,,
Adefovir Dipivoxil,J05AF,
Ado-Trastuzumab Emtansine,L01FD,
Afatinib Dimaleate,L01EB,
Aflibercept,L01XX|S01LA,
Agalsidase Beta,A16AB,
Albendazole,P02CA,
Albumin Human,,
Albuterol Sulfate,R03AC|R03CC,
Albuterol Sulfate/Budesonide,,
Alclometasone Dipropionate,D07AB|S01BA,
Alcohol Antiseptic Pads,,
Alectinib HCl,,
Alemtuzumab,L04AG,Arthritis
Alendronate Sodium,,
Alendronate Sodium/Vitamin D3,,
Alfuzosin HCl,,
Alglucosidase Alfa,A16AB,
Alirocumab,C10AX,High Cholesterol
Aliskiren Hemifumarate,C09XA,Hypertension
Aliskiren/Hydrochlorothiazide,,
Alitretinoin,D11AH|L01XF,
Allopurinol,M04AA,Arthritis
Almotriptan Malate,N02CC,
Alogliptin Benz/Metformin HCl,,
Alogliptin Benz/Pioglitazone,,
Alogliptin Benzoate,A10BH,Diabetes
Alosetron HCl,,
Alpelisib,L01EM,
Alpha-1-Proteinase Inhibitor,,
Alprazolam,N05BA,
Amantadine HCl,,
Ambrisentan,C02KX,Hypertension
Amcinonide,D07AC,
Amifampridine Phosphate,N07XX,
Amikacin Liposomal/Neb.Accessr,,
Amikacin Sulfate,D06AX|J01GB|S01AA,
Amiloride HCl,,
Amiloride/Hydrochlorothiazide,,
Amino Ac 4.25% No.1/D5W/Lytes,,
Amino Ac 8 %/D14w/Electrolytes,,
Amino Acid 8 % In D14w,,
Amino Acids 4.25 %/Dextrose 5%,,
Amino Acids 4.25%/Dextrose 10%,,
Amino Acids 5 %/Dextrose 15 %,,
Amino Acids 5 %/Dextrose 20 %,,
Aminocaproic Acid,B02AA,
Aminolevulinic Acid HCl,,
Amiodarone HCl,,
Amitriptyline HCl,,
Amitriptyline/Chlordiazepoxide,,
Amivantamab-Vmjw,L01FX,
Amlodipine Benzoate,C08CA,Hypertension
Amlodipine Bes/Olmesartan Med,,
Amlodipine Besylate,C08CA,Hypertension
Amlodipine Besylate/Benazepril,,
Amlodipine Besylate/Valsartan,,
Amlodipine/Atorvastatin,,
Amlodipine/Valsartan/HCThiazid,,
Ammonium Lactate,,
Amoxapine,N06AA,
Amoxicillin,A02BD|J01CA,
Amoxicillin/Potassium Clav,,
Amphetamine,N06BA,
Amphetamine Sulfate,N06BA,
Amphotericin B,A01AB|A07AA|G01AA|J02AA,
Amphotericin B Liposome,,
Ampicillin Sod/Sulbactam Sod,,
Ampicillin Sodium,J01CA|S01AA,
Ampicillin Trihydrate,J01CA|S01AA,
Anagrelide HCl,,
Anakinra,L04AC,Arthritis
Anastrozole,L02BG,
Anidulafungin,J02AX,
Anifrolumab-Fnia,L04AG,Arthritis
Apalutamide,L02BB,
Apixaban,B01AF,
Apomorphine HCl,,
Apraclonidine HCl,,
Apremilast,L04AA,Arthritis
Aprepitant,A04AD,
Arformoterol Tartrate,,
Aripiprazole,N05AX,
Aripiprazole Lauroxil,,
"Aripiprazole Lauroxil,Submicr.",,
Armodafinil,N06BA,
Artemether/Lumefantrine,,
Asciminib Hydrochloride,L01EA,
Asenapine,N05AH,
Asenapine Maleate,N05AH,
Asfotase Alfa,A16AB,
Aspirin/Dipyridamole,,
Atazanavir Sulfate,J05AE,
Atazanavir Sulfate/Cobicistat,,
Atenolol,C07AB|C07FB,Hypertension
Atenolol/Chlorthalidone,,
Atezolizumab,L01FF,
Atogepant,N02CD,
Atomoxetine HCl,,
Atorvastatin Calcium,C10AA,High Cholesterol
Atovaquone,P01AX|P01BB,
Atovaquone/Proguanil HCl,,
Atropine Sulfate,A03BA|S01FA,
Atropine Sulfate/PF,,
Auranofin,M01CB,Arthritis
Avacincaptad PEGol Sodium/PF,,
Avacopan,L04AJ,Arthritis
Avalglucosidase Alfa-Ngpt,A16AB,
Avapritinib,L01EX,
Avatrombopag Maleate,B02BX,
Avelumab,L01FF,
Axitinib,L01EK,
Azacitidine,L01BC,
Azathioprine,L04AX,Arthritis
Azelaic Acid,D10AX,
Azelastine HCl,,
Azelastine/Fluticasone,,
Azilsartan Med/Chlorthalidone,,
Azilsartan Medoxomil,C09CA,Hypertension
Azithromycin,J01FA|S01AA,
Aztreonam,J01DF,
Aztreonam Lysine,,
B Complex W-C No.20/Folic Acid,,
BCG Live,,
Bacitracin,D06AX|J01XX|R02AB|S01AA,
Bacitracin/Polymyxin B Sulfate,,
Baclofen,M03BX,
Balanced Salt Irrig Soln No.2,,
Baloxavir Marboxil,J05AX,
Balsalazide Disodium,A07EC,
Baricitinib,L04AF,Arthritis
Becaplermin,A01AD|D03AX,
Beclomethasone Dipropionate,A07EA|D07AC|R01AD|R03BA,
Bedaquiline Fumarate,J04AK,
Belatacept,L04AA,Arthritis
Belimumab,L04AG,Arthritis
Belumosudil Mesylate,L04AA,Arthritis
Belzutifan,L01XX,
Bempedoic Acid,C10AX|C10BA,High Cholesterol
Bempedoic Acid/Ezetimibe,,
Benazepril HCl,,
Benazepril/Hydrochlorothiazide,,
Bendamustine HCl,,
Benralizumab,R03DX,
Benzonatate,R05DB,
Benzoyl Peroxide,D10AE,
Benztropine Mesylate,N04AC,
Bepotastine Besilate,,
Beremagene Geperpavec-Svdt,D03AX,
Berotralstat Hydrochloride,B06AC,
Besifloxacin HCl,,
Betaine,A09AB|A16AA,
"Betamethasone Acetate,Sod Phos",,
Betamethasone Dipropionate,A07EA|C05AA|D07AC|D07XC|H02AB|R01AD|R03BA|S01BA|S01CB|S02BA|S03BA,
Betamethasone Valerate,A07EA|C05AA|D07AC|D07XC|H02AB|R01AD|R03BA|S01BA|S01CB|S02BA|S03BA,
Betamethasone/Propylene Glyc,,
Betaxolol HCl,,
Bethanechol Chloride,N07AB,
Bevacizumab,L01FG|S01LA,
Bevacizumab-Awwb,L01FG|S01LA,
Bevacizumab-Bvzr,L01FG|S01LA,
Bevacizumab-Maly,L01FG|S01LA,
Bexarotene,L01XF,
Bezlotoxumab,J06BC,
Bicalutamide,L02BB,
Bictegrav/Emtricit/Tenofov Ala,,
Bimatoprost,S01EE,
Bimekizumab-Bkzx,L04AC,Arthritis
Binimetinib,L01EE,
Bismuth/Metronid/Tetracycline,,
Bisoprolol Fumarate,C07AB,Hypertension
Bisoprolol/Hydrochlorothiazide,,
Blinatumomab,L01FX,
Blood-Glucose Sensor,,
"Bolus Insulin Pump, 200 Unit",,
Bortezomib,L01XG,
Bosentan,C02KX,Hypertension
Bosutinib,L01EA,
Brentuximab Vedotin,L01FX,
Brexpiprazole,N05AX,
Brigatinib,L01ED,
Brimonidine Tartrate,D11AX|S01EA|S01GA,
Brimonidine Tartrate/Timolol,,
Brinzolamide,S01EC,
Brinzolamide/Brimonidine Tart,,
Brivaracetam,N03AX,
Brodalumab,L04AC,Arthritis
Brolucizumab-Dbll,S01LA,
Bromfenac Sodium,S01BC,
Bromocriptine Mesylate,G02CB|N04BC,
Brompheniramine/Pseudoephed/DM,,
Budesonide,A07EA|D07AC|R01AD|R03AK|R03BA,
Budesonide/Formoterol Fumarate,,
Budesonide/Glycopyr/Formoterol,,
Bumetanide,C03CA|C03CB,Hypertension
Bupivacaine HCl,,
Bupivacaine HCl/PF,,
Buprenorphine,N02AE|N07BC,
Buprenorphine HCl,,
Buprenorphine HCl/Naloxone HCl,,
Bupropion HBr,,
Bupropion HCl,,
Burosumab-Twza,M05BX,
Buspirone HCl,,
Busulfan,L01AB,
Butalb/Acetaminophen/Caffeine,,
Butalbit/Acetamin/Caff/Codeine,,
Butalbital/Acetaminophen,,
Butalbital/Aspirin/Caffeine,,
Butenafine HCl,,
Butoconazole Nitrate,G01AF,
Butorphanol Tartrate,N02AF,
C1 Esterase Inhibitor,B06AC,
"C1 Esterase Inhibitor, Recomb",,
Cabazitaxel,L01CD,
Cabergoline,G02CB|N04BC,
Cabotegravir,J05AJ,
Cabotegravir/Rilpivirine,,
Cabozantinib S-Malate,L01EX,
Calcifediol,A11CC|H05BX,
Calcipotriene,D05AX,
Calcipotriene/Betamethasone,,
"Calcitonin,Salmon,Synthetic",,
Calcitriol,A11CC|D05AX,
Calcium Acetate,V03AE,
Calcium Gluconate,A12AA|B05XA|D11AX,
Canagliflozin,A10BD|A10BK,Diabetes
Canagliflozin/Metformin HCl,,
Canakinumab/PF,,
Candesartan Cilexetil,C09CA,Hypertension
Candesartan/Hydrochlorothiazid,,
Cannabidiol (Cbd),,
Capecitabine,L01BC,
Capivasertib,L01EX,
Caplacizumab-Yhdp,B01AX,
Capmatinib Hydrochloride,L01EX,
Capsaicin/Skin Cleanser,,
Captopril,C09AA,Hypertension
Carbamazepine,N03AF,
Carbidopa,,
Carbidopa/Levodopa,,
Carbidopa/Levodopa/Entacapone,,
Carbinoxamine Maleate,R06AA,
Carboplatin,L01XA,
Carfilzomib,L01XG,
Carglumic Acid,A16AA,
Cariprazine HCl,,
Carisoprodol,M03BA,
Carteolol HCl,,
Carvedilol,C07AG,Hypertension
Carvedilol Phosphate,C07AG,Hypertension
Casimersen,M09AX,
Caspofungin Acetate,J02AX,
Cefaclor,J01DC,
Cefadroxil,J01DB,
Cefazolin Sodium,J01DB,
"Cefazolin Sodium/Dextrose,Iso",,
Cefdinir,J01DD,
Cefepime HCl,,
Cefepime HCl In Dextrose 5 %,,
Cefepime In Iso-Osm Dextrose,,
Cefiderocol Sulfate Tosylate,J01DI,
Cefixime,J01DD,
Cefotetan Disodium,J01DC,
Cefoxitin Sodium,J01DC,
"Cefoxitin Sodium/Dextrose,Iso",,
Cefpodoxime Proxetil,J01DD,
Cefprozil,J01DC,
Ceftaroline Fosamil Acetate,J01DI,
Ceftazidime,J01DD,
Ceftazidime In Dextrose5%Water,,
Ceftazidime/Avibactam,,
Ceftolozane/Tazobactam,,
Ceftriaxone In Is-Osm Dextrose,,
Ceftriaxone Sodium,J01DD,
Cefuroxime Axetil,J01DC|S01AA,
Cefuroxime Sodium,J01DC|S01AA,
Celecoxib,C08CA|L01XX|M01AH|N02AJ,Arthritis;Hypertension
Cemiplimab-Rwlc,L01FF,
Cenegermin-Bkbj,S01XA,
Cenobamate,N03AX,
Cephalexin,J01DB,
Ceritinib,L01ED,
Certolizumab PEGol,L04AB,Arthritis
Cetirizine HCl,,
Cetuximab,L01FE,
Cevimeline HCl,,
Chenodiol,,
Chlorambucil,L01AA,
Chlordiazepoxide HCl,,
Chlordiazepoxide/Clidinium Br,,
Chlorhexidine Gluconate,A01AB|B05CA|D08AC|D09AA|R02AA|S01AX|S02AA|S03AA,
Chloroquine Phosphate,P01BA,
Chlorothiazide,C03AA,Hypertension
Chlorpromazine HCl,,
Chlorthalidone,C03BA,Hypertension
Chlorzoxazone,M03BB,
Cholestyramine (With Sugar),,
Cholestyramine/Aspartame,,
Cholic Acid,A05AA,
"Chorionic Gonadotropin, Human",,
Ciclesonide,R01AD|R03BA,
Ciclopirox,D01AE|G01AX,
Ciclopirox Olamine,D01AE|G01AX,
Ciclopirox/Urea/Camph/Men/Euc,,
Cidofovir,J05AB,
Cilostazol,B01AC,
Cimetidine,A02BA,
Cimetidine HCl,,
Cinacalcet HCl,,
Ciprofloxacin,J01MA|S01AE|S02AA|S03AA,
Ciprofloxacin HCl,,
Ciprofloxacin HCl/Dexameth,,
Ciprofloxacin HCl/Fluocinolone,,
Ciprofloxacin In 5 % Dextrose,,
Ciprofloxacin/Hydrocortisone,,
Cisplatin,L01XA,
Citalopram Hydrobromide,N06AB,
Citric Ac/Gluconolact/Mag Carb,,
Citric Acid/Sodium Citrate,,
Cladribine,L01BB|L04AA,Arthritis
Clarithromycin,J01FA,
Clascoterone,D10AX,
Clemastine Fumarate,D04AA|R06AA,
Clindamycin HCl,,
Clindamycin In 0.9 % Sod Chlor,,
Clindamycin Palmitate HCl,,
Clindamycin Phos/Benzoyl Perox,,
Clindamycin Phosphate,D10AF|G01AA|J01FF,
Clindamycin Phosphate/D5W,,
Clindamycin/Tretinoin,,
Clobazam,N05BA,
Clobetasol Propionate,D07AD,
Clobetasol Propionate/Emoll,,
Clocortolone Pivalate,D07AB,
Clomiphene Citrate,G03GB,
Clomipramine HCl,,
Clonazepam,N03AE,
Clonidine,C02AC|N02CX|S01EA,Hypertension
Clonidine HCl,,
Clopidogrel Bisulfate,B01AC,
Clorazepate Dipotassium,N05BA,
Clotrimazole,A01AB|D01AC|G01AF,
Clotrimazole/Betamethasone Dip,,
Clozapine,N05AH,
Cobicistat,J05AR|V03AX,
Cobimetinib Fumarate,L01EE,
Codeine Sulfate,R05DA,
Codeine/Butalbital/Asa/Caffein,,
Colchicine,M04AC,Arthritis
Colesevelam HCl,,
Colestipol HCl,,
Colistin (Colistimethate Na),,
Collagenase Clostridium Hist.,,
Copanlisib Di-HCl,,
Corticotropin,H01AA,
Crisaborole,D11AH,
Crizanlizumab-Tmca,B06AX,
Crizotinib,L01ED,
Crofelemer,A07XA,
Cromolyn Sodium,A07EB|D11AH|R01AC|R03BC|S01GX,
Crotamiton,,
Cyanocobalamin (Vitamin B-12),,
Cyclobenzaprine HCl,,
Cyclopentolate HCl,,
Cyclopentolate/Phenylephrine,,
Cyclophosphamide,L01AA,
Cycloserine,J04AB,
Cyclosporine,L04AD|S01XA,Arthritis
"Cyclosporine, Modified",L04AD|S01XA,Arthritis
CyproHEPtadine HCl,,
Cysteamine Bitartrate,A16AA|S01XA,
Cysteamine HCl,,
Cytarabine,L01BC|L01XY,
Cytarabine/PF,,
Cytomegalovirus Immune Globuln,,
Dabigatran Etexilate Mesylate,B01AE,
Dabrafenib Mesylate,L01EC,
Dacarbazine,L01AX,
Dacomitinib,L01EB,
Dalbavancin HCl,,
Dalfampridine,N07XX,
"Dalteparin Sodium,Porcine",,
Danazol,G03XA,
Dantrolene Sodium,M03CA,
Dapaglifloz Propaned/Metformin,,
Dapagliflozin Propanediol,A10BK,Diabetes
Dapagliflozin/Saxagliptin HCl,,
Dapsone,D10AX|J04BA,
Daptomycin,J01XX,
Daptomycin In 0.9 % Sod Chlor,,
Daratumumab,L01FC,
Daratumumab-Hyaluronidase-Fihj,,
Darbepoetin Alfa In Polysorbat,,
Daridorexant HCl,,
Darifenacin Hydrobromide,G04BD,
Darolutamide,L02BB,
Darunavir,J05AE|J05AR,
Darunavir/Cob/Emtri/Tenof Alaf,,
Darunavir/Cobicistat,,
Dasatinib,L01EA,
Dasiglucagon HCl,,
Decitabine,L01BC,
Decitabine/Cedazuridine,,
Deferasirox,V03AC,
Deferiprone,V03AC,
Deferoxamine Mesylate,V03AC,
Deflazacort,H02AB,
Degarelix Acetate,L02BX,
Delafloxacin Meglumine,J01MA,
Demeclocycline HCl,,
Denosumab,M05BX,
Desipramine HCl,,
Desloratadine,R06AX,
Desloratadine/Pseudoephedrine,,
Desmopressin (Nonrefrigerated),,
Desmopressin Acetate,H01BA,
Desog-E.Estradiol/E.Estradiol,,
Desogestrel-Ethinyl Estradiol,,
Desonide,D07AB|S01BA,
Desoximetasone,D07AC|D07XC,
Desvenlafaxine,N06AX,
Desvenlafaxine Succinate,N06AX,
Deucravacitinib,L04AF,Arthritis
Deutetrabenazine,N07XX,
Dexamethasone,A01AC|C05AA|D07AB|D07XB|D10AA|H02AB|R01AD|S01BA|S01CB|S02BA|S03BA,
Dexamethasone Sodium Phosp/PF,,
Dexamethasone Sodium Phosphate,A01AC|C05AA|D07AB|D07XB|D10AA|H02AB|R01AD|S01BA|S01CB|S02BA|S03BA,
Dexchlorpheniramine Maleate,R06AB,
Dexlansoprazole,A02BC,
Dexmedetomidine HCl,,
Dexmethylphenidate HCl,,
Dextroamphetamine,N06BA,
Dextroamphetamine Sulfate,N06BA,
Dextroamphetamine/Amphetamine,,
Dextromethorphan HBr/Bupropion,,
Dextromethorphan HBr/Quinidine,,
Dextrose 10 % And 0.45 % NaCl,,
Dextrose 10 % In Water,,
Dextrose 5 % And 0.9 % NaCl,,
Dextrose 5 % In Water,,
Dextrose 5 %-0.2 % Sod Chlorid,,
Dextrose 5 %-0.45 % Sod Chlord,,
Dextrose 5%-Lactated Ringers,,
Dextrose 50 % In Water,,
Dextrose 70 % In Water,,
"Diabetic Supplies,Miscell",,
Diazepam,N05BA,
Diazoxide,C02DA|V03AH,Hypertension
Dichlorphenamide,S01EC,
Diclofenac Epolamine,D11AX|M01AB|M02AA|S01BC,Arthritis
Diclofenac Potassium,D11AX|M01AB|M02AA|S01BC,Arthritis
Diclofenac Sodium,D11AX|M01AB|M02AA|S01BC,Arthritis
Diclofenac Sodium/Misoprostol,,
Diclofenac Submicronized,,
Dicloxacillin Sodium,J01CF,
Dicyclomine HCl,,
Difenoxin HCl/Atropine Sulfate,,
Diflorasone Diacet/Emollient,,
Diflorasone Diacetate,D07AC,
Diflunisal,N02BA,
Difluprednate,D07AC|S01BA,
Digoxin,C01AA,
Dihydroergotamine Mesylate,N02CA,
Diltiazem HCl,,
Dimethyl Fumarate,L04AX,Arthritis
Dimethyl Sulfoxide,G04BX|M02AX,Arthritis
"Diph,Pertus(Acel),Tet,Polio/PF",,
"Diph,Pertuss(Acell),Tet Ped/PF",,
"Diph,Pertuss(Acell),Tet Vac/PF",,
Diphenhydramine HCl,,
Diphenoxylate HCl/Atropine,,
"Dipht,Pert(A),Tet-Polio/Hib/PF",,
"Diphth,Pertuss(Acell),Tet Vac",,
Dipyridamole,B01AC,
Diroximel Fumarate,L04AX,Arthritis
Disopyramide Phosphate,C01BA,
Disulfiram,N07BB|P03AA,
Divalproex Sodium,,
Dobutamine HCl,,
Dobutamine HCl In Dextrose 5 %,,
Docetaxel,L01CD,
Dofetilide,C01BD,
Dolutegravir Sodium,J05AJ,
Dolutegravir Sodium/Lamivudine,,
Dolutegravir/Rilpivirine,,
Donepezil HCl,,
Doravirine,J05AG|J05AR,
Doravirine/Lamivu/Tenofov Diso,,
Dornase Alfa,R05CB,
Dorzolamide HCl,,
Dorzolamide HCl/Timolol Maleat,,
Dorzolamide/Timolol/PF,,
Dostarlimab-Gxly,L01FF,
Doxazosin Mesylate,C02CA,Hypertension
Doxepin HCl,,
Doxercalciferol,H05BX,
Doxorubicin HCl,,
Doxorubicin HCl PEG-Liposomal,,
Doxycycline Calcium,A01AB|J01AA,
Doxycycline Hyclate,A01AB|J01AA,
Doxycycline Monohydrate,A01AB|J01AA,
Doxylamine Succinate/Vit B6,,
Dronabinol,A04AD,
Dronedarone HCl,,
Droperidol,N05AD,
Drospir/Eth Estra/Levomefol Ca,,
Drospirenone,G03AA|G03AC,
Drospirenone/Estetrol,,
Drospirenone/Estradiol,,
Droxidopa,C01CA,
Dulaglutide,A10BJ,Diabetes
Duloxetine HCl,,
Dupilumab,D11AH,
Durvalumab,L01FF,
Dutasteride,G04CA|G04CB,
Dutasteride/Tamsulosin HCl,,
Duvelisib,L01EM,
Ecallantide,B06AC,
Echothiophate Iodide,S01EB,
Econazole Nitrate,D01AC|G01AF,
Eculizumab,L04AJ,Arthritis
Edaravone,N07XX,
Edoxaban Tosylate,B01AF,
Efavirenz,J05AG|J05AR,
Efavirenz/Emtricit/Tenofovr Df,,
Efavirenz/Lamivu/Tenofov Disop,,
Efgartigimod Alfa-Fcab,L04AA,Arthritis
Efgartigimod-Hyaluronidas-Qvfc,,
Efinaconazole,D01AC,
Eflapegrastim-Xnst,L03AA,
Elacestrant HCl,,
Elagolix Sodium,H01CC,
Elagolix/Estradiol/Norethindrn,,
Elapegademase-Lvlr,L03AX,
Elbasvir/Grazoprevir,,
Electrolyte-A Solution,,
Eletriptan Hydrobromide,N02CC,
Elexacaftor/Tezacaftor/IVacaft,,
Eliglustat Tartrate,A16AX,
Elosulfase Alfa,A16AB,
Elotuzumab,L01FX,
Eltrombopag Olamine,B02BX,
Eluxadoline,A07DA,
Elviteg/Cob/Emtri/Tenof Alafen,,
Elviteg/Cob/Emtri/Tenofo Disop,,
Emapalumab-Lzsg,L04AG,Arthritis
Empaglifloz/Linaglip/Metformin,,
Empagliflozin,A10BD|A10BK,Diabetes
Empagliflozin/Linagliptin,,
Empagliflozin/Metformin HCl,,
Emtricita/Rilpivirine/Tenof Df,,
Emtricitab/Rilpiviri/Tenof Ala,,
Emtricitabine,J05AF|J05AR,
Emtricitabine/Tenofov Alafenam,,
Emtricitabine/Tenofovir (Tdf),,
Enalapril Maleate,C09AA,Hypertension
Enalapril/Hydrochlorothiazide,,
Enalaprilat Dihydrate,,
Enasidenib Mesylate,L01XM,
Encorafenib,L01EC,
Enfortumab Vedotin-Ejfv,,
Enfuvirtide,J05AX,
Enoxaparin Sodium,B01AB,
Entacapone,N04BX,
Entecavir,J05AF,
Entrectinib,L01EX,
Enzalutamide,L02BB,
Epinastine HCl,,
Epinephrine,A01AD|B02BC|C01CA|R01AA|R03AA|S01EA,
Epinephrine HCl/PF,,
Eplerenone,C03DA,Hypertension
Epoetin Alfa,,
Epoetin Alfa-Epbx,,
Epoprostenol Sodium,B01AC,
Epoprostenol Sodium (Glycine),,
Eptinezumab-Jjmr,N02CD,
Eravacycline Di-Hydrochloride,,
Erdafitinib,L01EN,
Erenumab-Aooe,N02CD,
Ergocalciferol (Vitamin D2),,
Ergoloid Mesylates,C04AE,
Ergotamine Tartrate,N02CA,
Ergotamine Tartrate/Caffeine,,
Eribulin Mesylate,L01XX,
Erlotinib HCl,,
Ertapenem Sodium,J01DH,
Ertugliflozin Pidolate,A10BK,Diabetes
Ertugliflozin/Metformin,,
Ertugliflozin/Sitagliptin Phos,,
Erythromycin Base,,
Erythromycin Base In Ethanol,,
Erythromycin Ethylsuccinate,D10AF|J01FA|S01AA,
Erythromycin Lactobionate,D10AF|J01FA|S01AA,
Erythromycin Stearate,D10AF|J01FA|S01AA,
Erythromycin/Benzoyl Peroxide,,
Escitalopram Oxalate,N06AB,
Esketamine HCl,,
Eslicarbazepine Acetate,N03AF,
Esomeprazole Magnesium,A02BC,
Esomeprazole Sodium,A02BC,
Estazolam,N05CD,
Estradiol,G03AA|G03AB|G03CA,
Estradiol Acetate,G03CA,
Estradiol Cypionate,G03AA|G03CA,
Estradiol Valerate,G03AA|G03AB|G03CA,
Estradiol Valerate/Dienogest,,
Estradiol/Levonorgestrel,,
Estradiol/Norethindrone Acet,,
Estradiol/Norgestimate,,
Estradiol/Progesterone,,
Estramustine Phosphate Sodium,L01XX,
"Estrogen,Con/M-Progest Acet",,
"Estrogens, Conjugated",,
"Estrogens,Conj/Bazedoxifene",,
"Estrogens,Esterified",,
Eszopiclone,N05CF,
Etanercept,L04AB,Arthritis
Eteplirsen,M09AX,
Ethacrynic Acid,C03CC,Hypertension
Ethambutol HCl,,
Ethinyl Estradiol/Drospirenone,,
Ethosuximide,N03AD,
Ethynodiol D-Ethinyl Estradiol,,
Etodolac,M01AB,Arthritis
Etonogestrel,G03AC,
Etonogestrel/Ethinyl Estradiol,,
Etoposide,L01CB,
Etoposide Phosphate,L01CB,
Etravirine,J05AG,
Everolimus,L01EG|L04AH,Arthritis
Evinacumab-Dgnb,C10AX,High Cholesterol
Evolocumab,C10AX,High Cholesterol
Exemestane,L02BG,
Exenatide,A10BJ,Diabetes
Exenatide Microspheres,,
Ezetimibe,C10AX|C10BA,High Cholesterol
Ezetimibe/Rosuvastatin Calcium,,
Ezetimibe/Simvastatin,,
Fam-Trastuzumab Deruxtecn-Nxki,,
Famciclovir,J05AB|S01AD,
Famotidine,A02BA,
"Famotidine In NaCl,Iso-Osm/PF",,
Famotidine/PF,,
Faricimab-Svoa,S01LA,
Fat Emul/Soy/Mct/Oliv/Fish Oil,,
Fat Emulsion/Olive/Soy/Phospho,,
Fat Emulsions,,
Febuxostat,M04AA,Arthritis
"Fecal Microbio Spore,Live-Brpk",,
"Fecal Microbiota, Live-Jslm",,
Fedratinib Dihydrochloride,,
Felbamate,N03AX,
Felodipine,C07FB|C08CA|C09BB,Hypertension
Fenfluramine HCl,,
Fenofibrate,C10AB|C10BA,High Cholesterol
Fenofibrate Nanocrystallized,,
"Fenofibrate,Micronized",,
Fenofibric Acid (Choline),,
Fenoprofen Calcium,M01AE,Arthritis
Fentanyl,N01AH|N02AB,
Fentanyl Citrate,N01AH|N02AB,
Fentanyl Citrate/PF,,
Ferric Citrate,V03AE,
Fesoterodine Fumarate,G04BD,
Fezolinetant,G02CX,
Fidaxomicin,A07AA,
Filgrastim,L03AA,
Filgrastim-Aafi,L03AA,
Filgrastim-Ayow,L03AA,
Filgrastim-Sndz,L03AA,
Finasteride,D11AX|G04CB,
Finerenone,C03DA,Hypertension
Fingolimod HCl,,
Fingolimod Lauryl Sulfate,L04AE,Arthritis
Flavoxate HCl,,
Flecainide Acetate,C01BC,
Fluconazole,D01AC|J02AC,
"Fluconazole In NaCl,Iso-Osm",,
Flucytosine,D01AE|J02AX,
Fludrocortisone Acetate,H02AA,
Flumazenil,V03AB,
Flunisolide,R01AD|R03BA,
Fluocinolone Acetonide,C05AA|D07AC|S01BA|S02BA,
Fluocinolone Acetonide Oil,,
Fluocinolone/Shower Cap,,
Fluocinonide,C05AA|D07AC,
Fluocinonide/Emollient Base,,
Fluoride (Sodium),,
Fluorometholone,C05AA|D07AB|D07XB|D10AA|S01BA|S01CB,
Fluorometholone Acetate,C05AA|D07AB|D07XB|D10AA|S01BA|S01CB,
Fluorouracil,L01BC,
Fluoxetine HCl,,
Fluphenazine Decanoate,N05AB,
Fluphenazine HCl,,
Flurandrenolide,D07AC,
Flurazepam HCl,,
Flurbiprofen,M01AE|M02AA|R02AX|S01BC,Arthritis
Flurbiprofen Sodium,M01AE|M02AA|R02AX|S01BC,Arthritis
Flutamide,L02BB,
Fluticasone Furoate,D07AC|R01AD|R03BA,
Fluticasone Propion/Salmeterol,,
Fluticasone Propionate,D07AC|R01AD|R03AK|R03BA,
Fluticasone/Umeclidin/Vilanter,,
Fluticasone/Vilanterol,,
Fluvastatin Sodium,C10AA,High Cholesterol
Fluvoxamine Maleate,N06AB,
Folic Acid,B03AD|B03BB|V04CX,
Fondaparinux Sodium,B01AX,
Formoterol Fumarate,R03AC|R03AK|R03CC,
Fosamprenavir Calcium,J05AE,
Fosaprepitant Dimeglumine,,
Fosfomycin Tromethamine,J01XX|S02AA,
Fosinopril Sodium,C09AA,Hypertension
Fosinopril/Hydrochlorothiazide,,
Fosnetupitant/Palonosetron,,
Fosphenytoin Sodium,N03AB,
Fostamatinib Disodium,B02BX,
Fostemsavir Tromethamine,J05AX,
Fremanezumab-Vfrm,N02CD,
Frovatriptan Succinate,N02CC,
Fruquintinib,L01EK,
Fulvestrant,L02BA,
Furosemide,C03CA|C03CB,Hypertension
Futibatinib,L01EN,
Gabapentin,N02BF,
Gabapentin Enacarbil,N02BF,
Galantamine HBr,,
Galcanezumab-Gnlm,N02CD,
Galsulfase,A16AB,
Ganaxolone,N03AX,
Ganciclovir,J05AB|S01AD,
Ganciclovir Sodium,J05AB|S01AD,
Gatifloxacin,J01MA|S01AE,
Gauze Bandage,,
Gefitinib,L01EB,
Gemcitabine HCl,,
Gemfibrozil,C10AB,High Cholesterol
"Gentamicin In NaCl, Iso-Osm",,
Gentamicin Sulfate,D06AX|J01GB|S01AA|S02AA|S03AA,
Gentamicin Sulfate/PF,,
Gilteritinib Fumarate,L01EX,
Givosiran Sodium,A16AX,
Glasdegib Maleate,L01XJ,
Glatiramer Acetate,L03AX,
Glecaprevir/Pibrentasvir,,
Glimepiride,A10BB|A10BD,Diabetes
Glipizide,A10BB,Diabetes
Glipizide/Metformin HCl,,
Glucagon,H04AA,
Glucagon HCl,,
Glutamine,A16AA,
Glyburide,A10BB,Diabetes
"Glyburide,Micronized",,
Glyburide/Metformin HCl,,
Glycerol Phenylbutyrate,A16AX,
Glycopyrrol/Nebulizer/Accessor,,
Glycopyrrolate,D11AA,
Glycopyrrolate/Formoterol Fum,,
Glycopyrrolate/Neb.Accessories,,
Glycopyrronium Tosylate,D11AA,
Golimumab,L04AB,Arthritis
Golodirsen,M09AX,
Goserelin Acetate,L02AE,
Gr Pol-Orc/Sw Ver/Rye/Kent/Tim,,
Granisetron,A04AA,
Granisetron HCl,,
Granisetron HCl/PF,,
"Grass Pollen-Timothy, Standard",,
Griseofulvin Ultramicrosize,,
"Griseofulvin, Microsize",,
Guanfacine HCl,,
Guselkumab,L04AC,Arthritis
HPv Vaccine 9-Valent/PF,,
Haemoph B Poly Conj-Tet Tox/PF,,
Haemph B Polysac Conj-Menin/PF,,
Halcinonide,D07AD,
Halobetasol Propion/Tazarotene,,
Halobetasol Propionate,D07AC,
Haloperidol,N05AD,
Haloperidol Decanoate,N05AD,
Haloperidol Lactate,N05AD,
Hep B Vaccine/Dp(A)t-Polio/PF,,
"Heparin Sod,Pork In 0.45% NaCl",,
"Heparin Sodium,Porcine",,
"Heparin Sodium,Porcine/PF",,
Hepatitis A And B Vaccine/PF,,
Hepatitis A Virus Vaccine/PF,,
Hepatitis B Vaccine/Cpg1018/PF,,
"Hepatitis B Virus Vac S,M,L/PF",,
Hepatitis B Virus Vaccine/PF,,
Hydralazine HCl,,
Hydrochlorothiazide,C03AA|C09DX|C09XA,Hypertension
Hydrocodone Bit/Homatrop Me-Br,,
Hydrocodone Bitartrate,N02AJ|R05DA,
Hydrocodone/Acetaminophen,,
Hydrocodone/Chlorphen P-Stirex,,
Hydrocodone/Ibuprofen,,
Hydrocortisone,A01AC|A07EA|C05AA|D07AA|D07AB|D07AC|D07XA|H02AB|S01BA|S01CB|S02BA,
Hydrocortisone Acetate,A01AC|A07EA|C05AA|D07AA|D07XA|H02AB|S01BA|S01CB|S02BA,
Hydrocortisone Butyrate,A01AC|A07EA|C05AA|D07AA|D07AB|D07XA|H02AB|S01BA|S01CB|S02BA,
Hydrocortisone Butyrate/Emoll,,
Hydrocortisone Probutate,A01AC|A07EA|C05AA|D07AA|D07AB|D07XA|H02AB|S01BA|S01CB|S02BA,
Hydrocortisone Sod Succinate,,
Hydrocortisone Sodium Succ/PF,,
Hydrocortisone Valerate,A01AC|A07EA|C05AA|D07AA|D07XA|H02AB|S01BA|S01CB|S02BA,
Hydrocortisone/Acetic Acid,,
Hydrocortisone/Pramoxine,,
Hydromorphone HCl,,
Hydromorphone HCl/PF,,
Hydroxychloroquine Sulfate,P01BA,
Hydroxyprogesterone Caproat/PF,,
Hydroxypropyl Cellulose,,
Hydroxyurea,L01XX,
Hydroxyzine HCl,,
Hydroxyzine Pamoate,N05BB,
Hyoscyamine Sulfate,A03BA,
IVabradine HCl,,
IVacaftor,R07AX,
IVermectin,D11AX|P02CF,
IVosidenib,L01XM,
Ibalizumab-Uiyk,J05AX,
Ibandronate Sodium,,
Ibrutinib,L01EL,
Ibuprofen,C01EB|G02CC|M01AE|M02AA|N02AJ|R02AX,Arthritis
Ibuprofen/FAmotidine,,
Icatibant Acetate,B06AC,
Icosapent Ethyl,,
Idelalisib,L01EM,
Idursulfase,A16AB,
"IgG/Hyaluronidase,Recombinant",,
Iloperidone,N05AX,
Imatinib Mesylate,L01EA,
Imiglucerase,A16AB,
Imipenem/Cilastatin Sodium,,
Imipenem/Cilastatin/Relebactam,,
Imipramine HCl,N06AA,
Imipramine Pamoate,N06AA,
Imiquimod,D06BB,
Immun Glob G(IgG)-Hipp/Maltose,,
Immun Glob G(IgG)-Ifas/Glycine,,
Immun Glob G(IgG)/Gly/IgA 0-50,,
Immun Glob G(IgG)/Gly/IgA Ov50,,
Immun Glob G(IgG)/Pro/IgA 0-50,,
Immun Glob G/Gly/Gluc/IgA 0-50,,
Immun Glob G/Sorb/Gly/IgA 0-50,,
Immun Globg(IgG)/Malt/IgA Ov50,,
Immune Globul G (IgG)/Glycine,,
Immune Globul G/Gly/IgA Avg 46,,
"Immune Globulin,Gamma(IgG)klhw",,
"Immune Globulin,Gamma(IgG)slra",,
Inclisiran Sodium,C10AX,High Cholesterol
Incobotulinumtoxina,,
Indapamide,C03BA,Hypertension
Indomethacin,C01EB|M01AB|M02AA|S01BC,Arthritis
Inebilizumab-Cdon,L04AG,Arthritis
Infigratinib Phosphate,,
Infliximab,L04AB,Arthritis
Infliximab-Abda,L04AB,Arthritis
Infliximab-Axxq,L04AB,Arthritis
Infliximab-Dyyb,L04AB,Arthritis
Inotersen Sodium,N07XX,
Inotuzumab Ozogamicin,L01FB,
Insulin Admin. Supplies,,
Insulin Aspart,,
Insulin Aspart (Niacinamide),,
Insulin Aspart Prot/Insuln Asp,,
Insulin Aspart/B3/Pump Cart,,
Insulin Degludec,A10AE,Diabetes
Insulin Degludec/Liraglutide,,
Insulin Detemir,A10AE,Diabetes
"Insulin Glargine,Hum.Rec.Anlog",,
Insulin Glargine-Aglr,A10AE,Diabetes
Insulin Glargine-Yfgn,A10AE,Diabetes
Insulin Glargine/Lixisenatide,,
Insulin Glulisine,A10AB,Diabetes
Insulin Lispro,A10AB|A10AC|A10AD,Diabetes
Insulin Lispro Protamin/Lispro,,
Insulin Lispro-Aabc,A10AB|A10AC|A10AD,Diabetes
Insulin NPh Hum/Reg Insulin Hm,,
Insulin NPh Human Isophane,,
"Insulin Pen,Reusable,Bt Lispro",,
"Insulin Pen,Reusable,Bt,Aspart",,
"Insulin Pump Cart,Auto,Bt/Cntr",,
"Insulin Pump Cart,Automated,Bt",,
"Insulin Pump Cart,Cont Inf,Bt",,
"Insulin Pump Cart,Cont Inf,Rf",,
"Insulin Regular, Human",,
Interferon Beta-1a,L03AB,
Interferon Beta-1a/Albumin,,
Interferon Beta-1b,L03AB,
"Interferon Gamma-1b,Recomb.",,
Ipilimumab,L01FX,
Ipratropium Bromide,R01AX|R03BB,
Ipratropium/Albuterol Sulfate,,
Irbesartan,C09CA,Hypertension
Irbesartan/Hydrochlorothiazide,,
Irinotecan HCl,,
Irinotecan Liposomal,L01CE,
Isatuximab-Irfc,L01FC,
Isavuconazonium Sulfate,,
Isocarboxazid,N06AF,
Isoniazid,J04AC|J04AM,
Isosorbide Dinit/Hydralazine,,
Isosorbide Dinitrate,C01DA|C05AE,
Isosorbide Mononitrate,C01DA,
Isotretinoin,D10AD|D10BA,
"Isotretinoin, Micronized",,
Isradipine,C08CA,Hypertension
Istradefylline,N04CX,
Itraconazole,J02AC,
Ixabepilone,L01DC,
Ixazomib Citrate,L01XG,
Ixekizumab,L04AC,Arthritis
Japanese Encephalitis Vacc/PF,,
Ketoconazole,D01AC|G01AF|H02CA|J02AB,
Ketoprofen,M01AE|M02AA,Arthritis
Ketorolac Tromethamine,M01AB|S01BC,Arthritis
Ketorolac Tromethamine/PF,,
L-Norgest/E.Estradiol-E.Estrad,,
Labetalol HCl,,
Lacosamide,N03AX,
Lactic Acid/Citric/Potassium,,
Lactulose,A06AD,
Lamivudine,J05AF|J05AR,
Lamivudine/Tenofovir Disop Fum,,
Lamivudine/Zidovudine,,
Lamotrigine,N03AX,
Lanadelumab-Flyo,B06AC,
Lanreotide Acetate,H01CB,
Lansoprazole,A02BC,
Lansoprazole/Amoxiciln/Clarith,,
Lanthanum Carbonate,V03AE,
Lapatinib Ditosylate,L01EH,
Laronidase,A16AB,
Larotrectinib Sulfate,L01EX,
Lasmiditan Succinate,,
Latanoprost,S01EE,
Latanoprost/PF,,
Latanoprostene Bunod,S01EE,
Lecanemab-Irmb,N06DX,
Ledipasvir/Sofosbuvir,,
Lefamulin Acetate,J01XX,
Leflunomide,L04AK,Arthritis
Lemborexant,N05CJ,
Lenacapavir Sodium,J05AX,
Lenalidomide,L04AX,Arthritis
Leniolisib Phosphate,L03AX,
Lenvatinib Mesylate,L01EX,
Letermovir,J05AX,
Letrozole,L02BG,
Leucovorin Calcium,V03AF,
Leuprolide Acetate,L02AE,
Levalbuterol HCl,,
Levalbuterol Tartrate,,
Levamlodipine Maleate,C08CA,Hypertension
Levetiracetam,N03AX,
Levetiracetam In NaCl (Iso-Os),,
Levobunolol HCl,,
Levocarnitine,A16AA,
Levocarnitine (With Sugar),,
Levocetirizine Dihydrochloride,R06AE,
Levodopa,N04BA,
Levofloxacin,J01MA|S01AE,
Levofloxacin In Dextrose 5 %,,
Levoketoconazole,D01AC|G01AF|H02CA|J02AB,
Levoleucovorin Calcium,,
Levomefolate Calcium,,
Levomilnacipran HCl,,
Levonorgest/Eth.Estradiol/Iron,,
Levonorgestrel,G03AA|G03AB|G03AC|G03AD,
Levonorgestrel/Ethin.Estradiol,,
Levorphanol Tartrate,,
Levothyroxine Sodium,H03AA,
Lidocaine,C01BB|C05AD|D04AB|N01BB|R02AD|S01HA|S02DA,
Lidocaine HCl,,
Lidocaine HCl/Epinephrine,,
Lidocaine HCl/PF,,
Lidocaine/Hydrocortisone Ac,,
Lidocaine/Prilocaine,,
Lifitegrast,S01XA,
Linaclotide,A06AX,
Linagliptin,A10BD|A10BH,Diabetes
Linagliptin/Metformin HCl,,
Lincomycin HCl,,
Lindane,P03AB,
Linezolid,J01XX,
Linezolid In 0.9% Sodium Chlor,,
Linezolid In Dextrose 5%,,
Liothyronine Sodium,H03AA,
Lipase/Protease/Amylase,,
Liraglutide,A10AE|A10BJ,Diabetes
Lisdexamfetamine Dimesylate,N06BA,
Lisinopril,C09AA,Hypertension
Lisinopril/Hydrochlorothiazide,,
Lithium Carbonate,,
Lithium Citrate,,
Lodoxamide Tromethamine,S01GX,
Lofexidine HCl,,
Lomitapide Mesylate,C10AX,High Cholesterol
Lomustine,L01AD,
Loncastuximab Tesirine-Lpyl,L01FX,
Loperamide HCl,,
Lopinavir/Ritonavir,,
Lorazepam,N05BA,
Lorlatinib,L01ED,
Losartan Potassium,C09CA,Hypertension
Losartan/Hydrochlorothiazide,,
Loteprednol Etabonate,,
Lotilaner,S01AX,
Lovastatin,C10AA|C10BA,High Cholesterol
Loxapine Succinate,N05AH,
Lubiprostone,A06AX,
Luliconazole,D01AC,
Lumacaftor/IVacaftor,,
Lumateperone Tosylate,N05AD,
Lurasidone HCl,,
Lurbinectedin,L01XX,
Luspatercept-Aamt,B03XA,
Lusutrombopag,B02BX,
Macitentan,C02KX,Hypertension
Mafenide Acetate,D06BA,
Magnesium Chloride,A12CC|B05XA,
Magnesium Sulfate,A06AD|A12CC|B05XA|D11AX|V04CC,
Magnesium Sulfate In Water,,
Magnesium Sulfate/D5W,,
Malathion,P03AX,
Mannitol,A06AD|B05BC|B05CX|R05CB|V04CX,
Maralixibat Chloride,A05AX,
Maraviroc,J05AX,
Maribavir,J05AX,
Mavacamten,C01EB,
"Measles,Mumps,Rub,Varicella/PF",,
"Measles,Mumps,Rubella Vacc/PF",,
Mebendazole,P02CA,
Mechlorethamine HCl,,
Meclizine HCl,,
Meclofenamate Sodium,,
Medroxyprogesterone Acetate,G03AA|G03AC|G03DA|L02AB,
Mefenamic Acid,M01AG,Arthritis
Mefloquine HCl,,
Megestrol Acetate,G03AC|G03DB|L02AB,
Meloxicam,M01AC|N01BB,Arthritis
"Meloxicam, Submicronized",,
Melphalan,L01AA,
Memantine HCl,,
Memantine HCl/Donepezil HCl,,
"Mening Vac A,C,Y,W-135 Dip/PF",,
"Mening Vac A,C,Y,W135,C-Tet/PF",,
"Meningococcal B Vaccine,4-Comp",,
Meperidine HCl,,
Meperidine HCl/PF,,
Mepolizumab,R03DX,
Meprobamate,N05BC,
Mercaptopurine,L01BB,
Meropenem,J01DH,
Meropenem-0.9% Sodium Chloride,,
Meropenem/Vaborbactam,,
Mesalamine,A07EC,
Mesalamine W/Cleansing Wipes,,
Mesna,R05CB|V03AF,
Metaxalone,,
Metformin HCl,,
Meth/Meblue/Sod Phos/Psal/Hyos,,
Methadone HCl,,
Methamphetamine HCl,,
Methazolamide,S01EC,
Methenam/Sod Phos/Mblue/Hyoscy,,
Methenamine Hippurate,J01XX,
Methenamine Mandelate,J01XX,
Methimazole,H03BB,
Methocarbamol,M03BA,
Methotrexate,L01BA|L04AX,Arthritis
Methotrexate Sodium,L01BA|L04AX,Arthritis
Methotrexate Sodium/PF,,
Methotrexate/PF,,
Methoxsalen,D05AD|D05BA,
Methscopolamine Bromide,A03BB|S01FA,
Methsuximide,N03AD,
Methylergonovine Maleate,G02AB,
Methylnaltrexone Bromide,A06AH,
Methylphenidate,N06BA,
Methylphenidate HCl,,
Methylprednisolone,D07AA|D07AC|D10AA|H02AB,
Methylprednisolone Acetate,D07AA|D10AA|H02AB,
Methylprednisolone Sod Succ,,
Methylprednisolone Sod Succ/PF,,
Methyltestosterone,G03BA|G03EK,
Metoclopramide HCl,,
Metolazone,C03BA,Hypertension
Metoprolol Succinate,C07AB,Hypertension
Metoprolol Tartrate,C07AB,Hypertension
Metoprolol/Hydrochlorothiazide,,
Metreleptin,A16AA,
Metronidazole,A01AB|A02BD|D06BX|G01AF|J01RA|J01XD|P01AB,
Metronidazole/Sodium Chloride,,
Metyrapone,V04CD,
Metyrosine,C02KB,Hypertension
Mexiletine HCl,,
Micafungin Sodium,J02AX,
Miconazole Nitrate,A01AB|A07AC|D01AC|G01AF|J02AB|S02AA,
Miconazole Nitrate/Zinc Ox/Pet,,
Midazolam,N05CD,
Midazolam HCl,,
Midazolam HCl/PF,,
Midodrine HCl,,
Midostaurin,L01EX,
Mifepristone,G03XB,
Migalastat HCl,,
Miglitol,A10BF,Diabetes
Miglustat,A16AX,
Milnacipran HCl,,
Milrinone Lactate,C01CE,
Milrinone Lactate/D5W,,
Miltefosine,P01CX,
Minocycline HCl,,
Minocycline HCl Microspheres,,
Minoxidil,C02DC|D11AX,Hypertension
Mirabegron,G04BD,
Mirtazapine,N06AX,
Misoprostol,A02BB|G02AD|M01AE,Arthritis
Mitapivat Sulfate,B06AX,
"Mite,D.Farinae-D.Pteronyssinus",,
Mitomycin,L01DC,
Mitotane,L01XX,
Mobocertinib Succinate,L01EB,
Modafinil,N06BA,
Moexipril HCl,,
Mogamulizumab-Kpkc,L01FX,
Molindone HCl,,
Molnupiravir,J05AB,
Momelotinib Dihydrochloride,,
Mometasone Furoate,D07AC|D07XC|R01AD|R03AK|R03BA,
Mometasone/Formoterol,,
Monomethyl Fumarate,,
Montelukast Sodium,R03DC,
Morphine Sulfate,N02AA,
Morphine Sulfate/PF,,
Moxifloxacin HCl,,
Moxifloxacin-Sod.Chloride(Iso),,
"Moxifloxacin/Sod.Ace,Sul/Water",,
Multivit 47/Iron/Folate 1/DHA,,
Multivit-Min69/Iron/Folic Acid,,
Multivit-Mins60/Iron Fum/Folic,,
Multivit41/Iron/Folate8/Ps-DHA,,
Mupirocin,D06AX|R01AX,
Mupirocin Calcium,D06AX|R01AX,
Mv-Mins 71/Iron/Folic No.1/DHA,,
Mvn-Min 74/Iron Fum/Iron/FA,,
Mvn-Min75/Iron/Iron Ps/Om3/DHA,,
Mycophenolate Mofetil,,
Mycophenolate Sodium,,
"N.Meningitidis B,Lipid Fhbp Rc",,
Nabumetone,M01AX,Arthritis
Nadolol,C07AA,Hypertension
Nafarelin Acetate,H01CA,
"Nafcillin In Dextrose,Iso-Osm",,
Nafcillin Sodium,J01CF,
Naftifine HCl,,
Nalbuphine HCl,,
Naldemedine Tosylate,A06AH,
Naloxegol Oxalate,A06AH,
Naloxone HCl,,
Naltrexone HCl,,
Naltrexone HCl/Bupropion HCl,,
Naltrexone Microspheres,,
Naproxen,G02CC|M01AE|M02AA|N02CC,Arthritis
Naproxen Sodium,G02CC|M01AE|M02AA|N02CC,Arthritis
Naproxen/Esomeprazole Mag,,
Naratriptan HCl,,
Natalizumab,L04AG,Arthritis
Natamycin,A01AB|A07AA|D01AA|G01AA|S01AA,
Nateglinide,A10BX,Diabetes
Nebivolol HCl,,
Nefazodone HCl,,
Nelfinavir Mesylate,J05AE,
Neomyc/Colist/Hydrocort/Thonzn,,
Neomycin Sulf/Polymyxin B Sulf,,
Neomycin Sulfate,A01AB|A07AA|B05CA|D06AX|J01GB|R02AB|S01AA|S02AA|S03AA,
Neomycin Sulfate/Fluocinolone,,
Neomycin/Bacit/P-Myx/Hydrocort,,
Neomycin/Bacitracin/Polymyxinb,,
Neomycin/Polymyxin B/Dexametha,,
Neomycin/Polymyxin B/Hydrocort,,
Neomycin/Polymyxn B/Gramicidin,,
Nepafenac,S01BC,
Neratinib Maleate,L01EH,
Netarsudil Mesylat/Latanoprost,,
Netarsudil Mesylate,S01EX,
Netupitant/Palonosetron HCl,,
Nevirapine,J05AG|J05AR,
Niacin,C04AC|C10AD|C10BA,High Cholesterol
Nicardipine HCl,,
Nicotine,N07BA,
Nifedipine,C07FB|C08CA,Hypertension
Nilotinib HCl,,
Nilutamide,L02BB,
Nimodipine,C08CA,Hypertension
Nintedanib Esylate,L01EX,
Niraparib Tosylate,L01XK,
Niraparib/Abiraterone,,
Nirmatrelvir/Ritonavir,,
Nirogacestat Hydrobromide,L01XX,
Nisoldipine,C08CA,Hypertension
Nitazoxanide,P01AX,
Nitisinone,A16AX,
Nitrofurantoin,J01XE,
Nitrofurantoin Macrocrystal,,
Nitrofurantoin Monohyd/M-Cryst,,
Nitroglycerin,C01DA|C05AE,
Nivolumab,L01FF|L01FY,
Nivolumab-Relatlimab-Rmbw,,
Nizatidine,A02BA,
Non-Adherent Bandage,,
Norelgestromin/Ethin.Estradiol,,
Noreth-Ethinyl Estradiol/Iron,,
Norethindrone,G03AA|G03AB|G03AC|G03DC,
Norethindrone Ac-Eth Estradiol,,
Norethindrone Acetate,G03AA|G03AB|G03AC|G03DC,
Norethindrone-E.Estradiol-Iron,,
Norethindrone-Ethin. Estradiol,,
Norgestimate-Ethinyl Estradiol,,
Norgestrel-Ethinyl Estradiol,,
Nortriptyline HCl,,
Nusinersen Sodium/PF,,
Nystatin,A07AA|D01AA|G01AA|J01RA,
Nystatin/Triamcinolone Acet,,
Obeticholic Acid,A05AA,
Obinutuzumab,L01FA,
Ocrelizumab,L04AG,Arthritis
Octreotide Acetate,H01CB,
"Octreotide Acetate,Mi-Spheres",,
Odevixibat,A05AX,
Ofatumumab,L01FA|L04AG,Arthritis
Ofloxacin,J01MA|S01AE|S02AA,
Olanzapine,N05AH,
Olanzapine Pamoate,N05AH,
Olanzapine/Fluoxetine HCl,,
Olanzapine/Samidorphan Malate,,
Olaparib,L01XK,
Olipudase Alfa-Rpcp,A16AB,
Olmesartan Medoxomil,C09CA,Hypertension
Olmesartan/Amlodipin/HCThiazid,,
Olmesartan/Hydrochlorothiazide,,
Olodaterol HCl,,
Olopatadine HCl,,
Olopatadine HCl/Mometasone,,
Olsalazine Sodium,A07EC,
Olutasidenib,L01XM,
Omacetaxine Mepesuccinate,L01XX,
Omadacycline Tosylate,J01AA,
Omalizumab,R03DX,
Omaveloxolone,N07XX,
Omega-3 Acid Ethyl Esters,,
Omeprazole,A02BC|A02BD,
Omeprazole Magnesium,A02BC,
Omeprazole/Amoxicill/Rifabutin,,
Omeprazole/Sodium Bicarbonate,,
Onabotulinumtoxina,,
Ondansetron,A04AA,
Ondansetron HCl,,
Ondansetron HCl/PF,,
Opicapone,N04BX,
Opium Tincture,A07DA|N02AA,
Oritavancin Diphosphate,J01XA,
Orlistat,A08AB,Obesity
Orphenadrine Citrate,M03BC,
Orphenadrine/Aspirin/Caffeine,,
Oseltamivir Phosphate,J05AH,
Osilodrostat Phosphate,H02CA,
Osimertinib Mesylate,L01EB,
Ospemifene,G03XC,
Oteseconazole,J02AC,
Oxacillin In Dextrose(Iso-Osm),,
Oxacillin Sodium,J01CF,
Oxaliplatin,L01XA,
Oxandrolone,A14AA,
Oxaprozin,M01AE,Arthritis
Oxazepam,N05BA,
Oxcarbazepine,N03AF,
Oxiconazole Nitrate,D01AC|G01AF,
Oxybutynin,G04BD,
Oxybutynin Chloride,G04BD,
Oxycodone HCl,,
Oxycodone HCl/Acetaminophen,,
Oxycodone Myristate,,
Oxymetazoline HCl,,
Oxymorphone HCl,,
Ozanimod Hydrochloride,L04AE,Arthritis
"PEG 3350/Sod Sulf,Chlr/Pot/Mag",,
PEG3350/Sod Sul/NaCl/KCl/Asb/C,,
"PEG3350/Sod Sulf,Bicarb,Cl/KCl",,
PEGcetacoplan,L04AJ|S01XA,Arthritis
PEGcetacoplan/PF,,
PEGfilgrastim,L03AA,
PEGfilgrastim-Apgf,L03AA,
PEGfilgrastim-Bmez,L03AA,
PEGfilgrastim-Cbqv,L03AA,
PEGfilgrastim-Jmdb,L03AA,
PEGfilgrastim-Pbbk,L03AA,
PEGinterferon Alfa-2a,L03AB,
PEGinterferon Beta-1a,L03AB,
PEGloticase,M04AX,Arthritis
PEGunigalsidase Alfa-Iwxj,A16AB,
PEGvaliase-Pqpz,A16AB,
PEGvisomant,H01AX,
PNV 102/Iron/Folate/DHA,,
PNV 11/Iron Fum/Folic Acid/Om3,,
PNV 112/Iron/Folic/Om3/DHA/EPA,,
PNV 119/Iron Fum/Folic Acid,,
PNV 67/Iron Ps/Folate No.1/DHA,,
PNV Cmb 52/Iron/FA/Omega-3/DHA,,
PNV No.118/Iron Fumarate/FA,,
PNV No.163/Iron/Folate No.10,,
"PNV,Calcium 72/Iron/Folic Acid",,
"PNV19/Iron Bg,S.P/Folic Ac/Om3",,
Paclitaxel,L01CD,
Paclitaxel Protein-Bound,L01CD,
Pacritinib Citrate,L01EJ,
Palbociclib,L01EF,
Paliperidone,N05AX,
Paliperidone Palmitate,N05AX,
Palivizumab,J06BD,
Palonosetron HCl,,
Pamidronate Disodium,,
Panitumumab,L01FE,
Pantoprazole Sodium,A02BC,
Parenteral Amino Acid 10% No.6,,
Parenteral Amino Acid 10% No.7,,
Parenteral Amino Acid 15% No.5,,
Parenteral Amino Acid 15% No.6,,
Parenteral Amino Acid 20% No.1,,
Paricalcitol,H05BX,
Paromomycin Sulfate,A07AA,
Paroxetine HCl,,
Paroxetine Mesylate,N06AB,
Pasireotide Diaspartate,H01CB,
Pasireotide Pamoate,H01CB,
Patiromer Calcium Sorbitex,,
"Patisiran Sodium,Lipid Complex",,
Pazopanib HCl,,
Pedi Multivit 45/Fluoride/Iron,,
Pedi Multivit No.17 W-Fluoride,,
Pedi Multivit No.2 W-Fluoride,,
Pediatric Multivitamin No.17,,
Pembrolizumab,L01FF,
Pemetrexed Disodium,L01BA,
Pemigatinib,L01EN,
Pen G Benz/Pen G Procaine,,
Pen G Pot/Dextrose-Water,,
"Pen Needle, Diabetic",,
"Pen Needle, Diabetic, Safety",,
"Pen Needle, Diabetic,Disp Unit",,
"Pen Needle,Dual Safety,Diabetc",,
Penciclovir,D06BB|J05AB,
Penicillamine,M01CC,Arthritis
Penicillin G Benzathine,J01CE|S01AA,
Penicillin G Potassium,J01CE|S01AA,
Penicillin G Procaine,J01CE|S01AA,
Penicillin G Sodium,J01CE|S01AA,
Penicillin V Potassium,J01CE,
Pentamidine Isethionate,P01CX,
Pentazocine HCl/Naloxone HCl,,
Pentosan Polysulfate Sodium,C05BA|G04BX,
Pentostatin,L01XX,
Pentoxifylline,C04AD,
Perampanel,N03AX,
Perfluorohexyloctane/PF,,
Perindopril Erbumine,C09AA,Hypertension
Permethrin,P03AC,
Perphenazine,N05AB,
Perphenazine/Amitriptyline HCl,,
Pertuzumab,L01FD,
Pertuzumab-Trastuzumab-Hy-Zzxf,,
Pexidartinib Hydrochloride,L01EX,
Phenazopyridine HCl,,
Phenelzine Sulfate,N06AF,
Phenobarbital,N03AA,
Phenobarbital Sodium,N03AA,
Phenoxybenzamine HCl,,
Phentermine HCl,,
Phentolamine Mesylate,C04AB|V03AB,
Phenylephrine HCl,,
Phenylephrine HCl/Prometh HCl,,
Phenytoin,N03AB,
Phenytoin Sodium,N03AB,
Phenytoin Sodium Extended,,
Pilocarpine HCl,,
Pimavanserin Tartrate,N05AX,
Pimecrolimus,D11AH,
Pimozide,N05AG,
Pindolol,C07AA,Hypertension
Pioglitazone HCl,,
Pioglitazone HCl/Glimepiride,,
Pioglitazone HCl/Metformin HCl,,
Piperacillin Sodium/Tazobactam,,
"Piperacillin-Tazo-Dextrose,Iso",,
Pirfenidone,L04AX,Arthritis
Piroxicam,M01AC|M02AA|S01BC,Arthritis
Pirtobrutinib,L01EL,
Pitavastatin Calcium,C10AA,High Cholesterol
Pitavastatin Magnesium,C10AA,High Cholesterol
Pitolisant HCl,,
Plecanatide,A06AX,
Plerixafor,L03AX,
Podofilox,D06BB,
Polatuzumab Vedotin-Piiq,L01FX,
"Poliomyelitis Vaccine, Killed",,
Polymyxin B Sulf/Trimethoprim,,
Polymyxin B Sulfate,A07AA|J01XB|S01AA|S02AA|S03AA,
Pomalidomide,L04AX,Arthritis
Ponatinib HCl,,
Ponesimod,L04AE,Arthritis
Posaconazole,J02AC,
Potassium Acetate,B05XA,
Potassium Bicarbonate/Cit Ac,,
Potassium Chloride,A12BA|B05XA,
Potassium Chloride In 0.9%NaCl,,
Potassium Chloride In D5W,,
Potassium Chloride In Lr-D5,,
Potassium Chloride In Water,,
Potassium Chloride-0.45% NaCl,,
Potassium Chloride/D5-0.45NaCl,,
Potassium Chloride/D5-0.9%NaCl,,
Potassium Citrate,A12BA,
Potassium Citrate/Citric Acid,,
"Potassium Phos,M-Basic-D-Basic",,
"Potassium Phosphate,Monobasic",,
Povidone-Iodine,D08AG|D09AA|D11AC|G01AX|R02AA|S01AX,
Pralsetinib,L01EX,
Pramipexole Di-HCl,,
Pramlintide Acetate,A10BX,Diabetes
Prasterone (Dhea),,
Prasugrel HCl,,
Pravastatin Sodium,C10AA,High Cholesterol
Praziquantel,P02BA,
Prazosin HCl,,
Prednicarbate,D07AC,
Prednisolone,A01AC|A07EA|C05AA|D07AA|D07XA|H02AB|R01AD|S01BA|S01CB|S02BA|S03BA,
Prednisolone Acetate,A01AC|A07EA|C05AA|D07AA|D07XA|H02AB|R01AD|S01BA|S01CB|S02BA|S03BA,
Prednisolone Sodium Phosphate,A01AC|A07EA|C05AA|D07AA|D07XA|H02AB|R01AD|S01BA|S01CB|S02BA|S03BA,
Prednisone,A07EA|H02AB,
Pregabalin,N02BF,
Prenatal 147/Iron/Folic Acid,,
Prenatal 26/Iron Ps/Folic/DHA,,
Prenatal 48/Iron/Folic Acid/B6,,
Prenatal Vit 10/Iron Fum/Folic,,
Prenatal Vit 10/Iron/Folic/DHA,,
Prenatal Vit 14/Iron Fum/Folic,,
Prenatal Vit 85/Iron/FA 1/DHA,,
Prenatal Vit 87/Iron/Folic/DHA,,
Prenatal Vit No.170/Iron/Folic,,
Prenatal Vit No.180/Iron/Folic,,
"Prenatal Vit,Calc76/Iron/Folic",,
Prenatal Vit103/Iron Fum/Folic,,
"Prenatal Vit27,Calcium/Iron/FA",,
"Prenatal,Calc.40/Iron/Folate 1",,
Pretomanid,J04AK,
Primaquine Phosphate,P01BA,
Primidone,N03AA,
Probenecid,M04AB|M04AC,Arthritis
Probenecid/Colchicine,,
Procarbazine HCl,,
Prochlorperazine,N05AB,
Prochlorperazine Edisylate,N05AB,
Prochlorperazine Maleate,N05AB,
Progesterone,G03DA,
"Progesterone, Micronized",G03DA,
Promethazine HCl,,
Promethazine HCl/Codeine,,
Promethazine/Dextromethorphan,,
Promethazine/Phenyleph/Codeine,,
Propafenone HCl,,
Proparacaine HCl,,
Propranolol HCl,,
Propylthiouracil,H03BA,
Protriptyline HCl,,
Prucalopride Succinate,A06AX,
Pyrazinamide,J04AK|J04AM,
Pyridostigmine Bromide,N07AA,
Pyrimethamine,P01BD,
Quetiapine Fumarate,N05AH,
Quinapril HCl,,
Quinapril/Hydrochlorothiazide,,
Quinidine Gluconate,C01BA,
Quinidine Sulfate,C01BA,
Quinine Sulfate,P01BC,
Quizartinib Dihydrochloride,L01EX,
Rabeprazole Sodium,A02BC,
"Rabies Vacc, Human Diploid/PF",,
Rabies Vaccine (Pcec)/PF,,
Raloxifene HCl,,
Raltegravir Potassium,J05AJ,
Ramelteon,N05CH,
Ramipril,C09AA|C09BB,Hypertension
Ramucirumab,L01FG,
Ranibizumab,S01LA,
Ranibizumab-Eqrn,S01LA,
Ranolazine,C01EB,
Rasagiline Mesylate,N04BD,
Rasburicase,V03AF,
Ravulizumab-Cwvz,L04AJ,Arthritis
Regorafenib,L01EX,
Relugolix,L02BX,
Relugolix/Estradiol/Norethindr,,
Remdesivir,J05AB,
Repaglinide,A10BD|A10BX,Diabetes
Reslizumab,R03DX,
Retapamulin,D06AX,
Revefenacin,R03BB,
Rezafungin Acetate,J02AX,
Ribavirin,J05AP,
Ribociclib Succinate,L01EF,
Ribociclib Succinate/Letrozole,,
Rifabutin,A02BD|J04AB,
Rifampin,J04AB|J04AM,
Rifamycin Sodium,,
Rifapentine,J04AB,
Rifaximin,A07AA|D06AX,
Rilonacept,L04AC,Arthritis
Rilpivirine HCl,,
Riluzole,N07XX,
Rimabotulinumtoxinb,,
Rimantadine HCl,,
Rimegepant Sulfate,N02CD,
"Ringer'S Solution,Lactated",,
Riociguat,C02KX,Hypertension
Ripretinib,L01EX,
Risankizumab-Rzaa,L04AC,Arthritis
Risdiplam,M09AX,
Risedronate Sodium,,
Risperidone,N05AX,
Risperidone Microspheres,,
Ritlecitinib Tosylate,L04AF,Arthritis
Ritonavir,J05AE|J05AP|J05AR,
Rituximab,L01FA,
Rituximab-Abbs,L01FA,
Rituximab-Arrx,L01FA,
Rituximab-Pvvr,L01FA,
"Rituximab/Hyaluronidase,Human",,
Rivaroxaban,B01AF,
Rivastigmine,N06DA,
Rivastigmine Tartrate,N06DA,
Rizatriptan Benzoate,N02CC,
Roflumilast,D05AX|R03DX,
Rolapitant HCl,,
Romidepsin,L01XH,
Romiplostim,B02BX,
Romosozumab-Aqqg,M05BX,
Ropeginterferon Alfa-2b-Njft,L03AB,
Ropinirole HCl,,
Ropivacaine HCl/PF,,
Rosuvastatin Calcium,C10AA,High Cholesterol
Rotigotine,N04BC,
Rozanolixizumab-Noli,L04AG,Arthritis
"Rsv Vacc, Pref A And Pref B/PF",,
Rsvpref3 Antigen/As01e/PF,,
Rucaparib Camsylate,L01XK,
Rufinamide,N03AF,
Ruxolitinib Phosphate,D11AH|L01EJ,
Sacituzumab Govitecan-Hziy,,
Sacrosidase,A16AB,
Sacubitril/Valsartan,,
Safinamide Mesylate,N04BD,
Salicylic Acid,D01AE|N02BA|S01BC,
Salmeterol Xinafoate,R03AC,
Salsalate,N02BA,
Sapropterin Dihydrochloride,A16AX,
Sarecycline HCl,,
Sargramostim,L03AA,
Sarilumab,L04AC,Arthritis
Satralizumab-Mwge,L04AC,Arthritis
Saxagliptin HCl,,
Saxagliptin HCl/Metformin HCl,,
Scopolamine,A04AD|N05CM|S01FA,
Secnidazole,P01AB,
Secukinumab,L04AC,Arthritis
Segesterone Ac/Ethin Estradiol,,
Selegiline,N04BD,
Selegiline HCl,,
Selenium Sulfide,D01AE,
Selexipag,B01AC,
Selinexor,L01XX,
Selpercatinib,L01EX,
Selumetinib/Vitamin E Tpgs,,
Semaglutide,A10BJ,Diabetes
Serdexmethylphen/Dexmethylphen,,
Sertaconazole Nitrate,D01AC|G01AF,
Sertraline HCl,,
Sevelamer Carbonate,V03AE,
Sevelamer HCl,,
Sildenafil Citrate,G04BE,
Silodosin,G04CA,
Silver Nitrate,D08AL,
Silver Sulfadiazine,D06BA,
Simvastatin,A10BH|C10AA|C10BA,Diabetes;High Cholesterol
Sinecatechins,D06BB,
Siponimod,L04AE,Arthritis
Sirolimus,L01EG|L04AH|S01XA,Arthritis
Sitagliptin Phos/Metformin HCl,,
Sitagliptin Phosphate,A10BD|A10BH,Diabetes
Smallpox And Mpox Live Vacc/PF,,
Sod Phenylbutyrat/Taurursodiol,,
"Sod Phos,M-B/K Phos,Monob",,
"Sod Phosphate,Monobasic-Dibas",,
Sod Picosulf/Mag Ox/Citric Ac,,
Sod Sulf/Pot Chloride/Mag Sulf,,
"Sod,Pot Chlor/Mag/Sod,Pot Phos",,
Sod/Pot/K Cit/Sod Cit/Cit Acid,,
Sodium Acetate,B05XA,
Sodium Bicarbonate,B05CB|B05XA,
Sodium Chloride,A12CA|B05CB|B05XA,
Sodium Chloride 0.45 %,,
Sodium Chloride 3 %,,
Sodium Chloride For Inhalation,,
Sodium Chloride Irrig Solution,,
Sodium Chloride/NaHCO3/KCl/PEG,,
Sodium Fluoride/Potassium Nit,,
Sodium Oxybate,N01AX|N07XX,
Sodium Phenylbutyrate,A16AX,
Sodium Polystyrene Sulfon/Sorb,,
Sodium Polystyrene Sulfonate,,
Sodium Zirconium Cyclosilicate,V03AE,
"Sodium, Potassium,Mag Sulfates",,
"Sodium,Calcium,Mag,Pot Oxybate",,
Sodium/Pot/Mag/Calc/Chlor/Acet,,
Sofosbuvir,J05AP,
Sofosbuvir/Velpatas/Voxilaprev,,
Sofosbuvir/Velpatasvir,,
Solifenacin Succinate,G04BD,
Solriamfetol HCl,,
Somapacitan-Beco,H01AC,
Somatropin,H01AC,
Sonidegib Phosphate,L01XJ,
Sorafenib Tosylate,L01EX,
Sotagliflozin,A10BK,Diabetes
Sotalol HCl,,
Sotorasib,L01XX,
Sparsentan,C09XX,Hypertension
Spesolimab-Sbzo,L04AC,Arthritis
Spinosad,,
Spironolact/Hydrochlorothiazid,,
Spironolactone,C03DA,Hypertension
Stiripentol,N03AX,
Streptomycin Sulfate,A07AA|J01GA,
"Sub-Q Insulin Device, 20 Unit",,
"Sub-Q Insulin Device, 30 Unit",,
"Sub-Q Insulin Device, 40 Unit",,
Succimer,,
Sucralfate,A02BX,
Sucroferric Oxyhydroxide,V03AE,
Sulconazole Nitrate,D01AC,
Sulfacetamide Sodium,D10AF|S01AB,
Sulfacetamide Sodium/Sulfur,,
Sulfacetamide/Prednisolone Sp,,
Sulfadiazine,J01EC|J01EE,
Sulfamethoxazole/Trimethoprim,,
Sulfasalazine,A07EC,
Sulindac,M01AB,Arthritis
Sumatriptan,N02CC,
Sumatriptan Succ/Naproxen Sod,,
Sumatriptan Succinate,N02CC,
Sunitinib Malate,L01EX,
Sutimlimab-Jome,L04AJ,Arthritis
Suvorexant,N05CJ,
"Syr,Ndl,Insulin,1ml-Sharps Bin",,
"Syr-Nd,Ins,0.5/Container,Empty",,
"Syrge-Ndl,Ins 0.3 Ml Half Mark",,
"Syrge-Ndl,Ins 0.5 Ml Half Mark",,
"Syring-Needl,Disp,Insul,0.3 Ml",,
"Syringe And Needle,Insulin,1ml",,
"Syringe With Needle, Insulin",,
"Syringe,Insul U-500,Ndl,0.5ml",,
"Syringe,Insulin,Needless 1 Ml",,
"Syringe,Needle,Insuln,Safe,1ml",,
"Syringe,Needle,Insuln,Sf 0.5ml",,
"Syringe,Needle,Insuln,Sf,0.3ml",,
"Syringe-Needle,Insulin,0.5 Ml",,
Tacrolimus,D11AH|L04AD,Arthritis
Tadalafil,C02KX|G04BE|G04CB,Hypertension
Tafamidis,N07XX,
Tafamidis Meglumine,N07XX,
Tafasitamab-Cxix,L01FX,
Tafenoquine Succinate,P01BA,
Tafluprost/PF,,
Talazoparib Tosylate,L01XK,
Taliglucerase Alfa,A16AB,
Tamoxifen Citrate,L02BA,
Tamsulosin HCl,,
Tapentadol HCl,,
Tapinarof,D05AX,
Tasimelteon,N05CH,
Tavaborole,D01AE,
Tazarotene,D05AX,
Tazemetostat Hydrobromide,L01XX,
Tbo-Filgrastim,L03AA,
Teclistamab-Cqyv,L01FX,
Tedizolid Phosphate,J01XX,
Teduglutide,A16AX,
Telavancin HCl,,
Telmisartan,C09CA|C09DB,Hypertension
Telmisartan/Amlodipine,,
Telmisartan/Hydrochlorothiazid,,
Telotristat Etiprate,,
Temazepam,N05CD,
Temozolomide,L01AX,
Temsirolimus,L01EG,
Tenapanor HCl,,
Tenofovir Alafenamide,J05AF|J05AR,
Tenofovir Disoproxil Fumarate,J05AF|J05AR,
Tepotinib HCl,,
Teprotumumab-Trbw,L04AG,Arthritis
Terazosin HCl,,
Terbinafine HCl,,
Terbutaline Sulfate,R03AC|R03CC,
Terconazole,G01AG,
Teriflunomide,L04AK,Arthritis
Teriparatide,H05AA,
Tesamorelin Acetate,H01AC,
Testosterone,G03BA|G03EA,
Testosterone Cypionate,G03BA,
Testosterone Enanthate,G03BA,
Testosterone Undecanoate,G03BA,
"Tetanus, Diphtheria Tox,Adult",,
"Tetanus,Diphtheria Toxd Ped/PF",,
Tetanus-Diphtheria Toxoids/PF,,
Tetrabenazine,N07XX,
Tetracaine HCl,,
Tetracaine HCl/PF,,
Tetracycline HCl,,
Tezacaftor/IVacaftor,,
Tezepelumab-Ekko,R03DX,
Thalidomide,L04AX,Arthritis
Theophylline Anhydrous,R03DA,
Thiamine HCl,,
Thioguanine,L01BB,
Thioridazine HCl,,
Thiothixene,N05AF,
"Thyroid,Pork",,
Thyrotropin Alfa,H01AB,
Tiagabine HCl,,
Ticagrelor,B01AC,
Tick-Borne Encephalitis Vaccin,,
Tigecycline,J01AA,
Tildrakizumab-Asmn,L04AC,Arthritis
Timolol,C07AA|S01ED,Hypertension
Timolol Maleate,C07AA|S01ED,Hypertension
Timolol Maleate/PF,,
Tinidazole,G01AF|J01XD|P01AB,
Tiopronin,G04BX,
Tiotropium Br/Olodaterol HCl,,
Tiotropium Bromide,R03BB,
Tipranavir,J05AE,
Tirbanibulin,D06BX,
Tirzepatide,A10BX,Diabetes
Tisotumab Vedotin-Tftv,,
Tivozanib HCl,,
Tizanidine HCl,,
Tobramycin,J01GB|S01AA,
Tobramycin In 0.225% Sod Chlor,,
Tobramycin Sulfate,J01GB|S01AA,
Tobramycin/Dexamethasone,,
Tobramycin/Lotepred Etab,,
Tocilizumab,L04AC,Arthritis
Tofacitinib Citrate,L04AF,Arthritis
Tofersen,N07XX,
Tolcapone,N04BX,
Tolterodine Tartrate,G04BD,
Tolvaptan,C03XA,Hypertension
Topiramate,A08AA|N03AX,Obesity
Topotecan HCl,,
Toremifene Citrate,L02BA,
Torsemide,C03CA,Hypertension
Trabectedin,L01CX,
Tralokinumab-Ldrm,D11AH,
Tramadol HCl,,
Tramadol HCl/Acetaminophen,,
Tramadol HCl/Celecoxib,,
Trametinib Dimethyl Sulfoxide,L01EE,
Trandolapril,C09AA|C09BB,Hypertension
Trandolapril/Verapamil HCl,,
Tranexamic Acid,B02AA,
Tranylcypromine Sulfate,N06AF,
Trastuzumab,L01FD,
Trastuzumab-Anns,L01FD,
Trastuzumab-Dkst,L01FD,
Trastuzumab-Dttb,L01FD,
Trastuzumab-Hyaluronidase-Oysk,,
Trastuzumab-Pkrb,L01FD,
Trastuzumab-Qyyp,L01FD,
Travoprost,S01EE,
Trazodone HCl,,
Tremelimumab-Actl,L01FX,
Treprostinil,B01AC,
Treprostinil Diolamine,B01AC,
Treprostinil Sodium,B01AC,
Treprostinil/Neb Accessories,,
Treprostinil/Nebulizer/Accesor,,
Tretinoin,D10AD|L01XF,
Tretinoin Microspheres,,
Tretinoin/Benzoyl Peroxide,,
TriHEPtanoin,A16AX,
Triamcinolone Acetonide,A01AC|C05AA|D07AB|D07XB|H02AB|R01AD|R03BA|S01BA,
Triamterene,C03DB,Hypertension
Triamterene/Hydrochlorothiazid,,
Triazolam,N05CD,
Trientine HCl,,
Trientine Tetrahydrochloride,A16AX,
Trifarotene,D10AD,
Trifluoperazine HCl,,
Trifluridine,S01AD,
Trifluridine/Tipiracil HCl,,
Trihexyphenidyl HCl,,
Trilaciclib Dihydrochloride,V03AF,
Trimethobenzamide HCl,,
Trimethoprim,J01EA|J01EE,
Trimipramine Maleate,N06AA,
Triptorelin Pamoate,L02AE,
Trofinetide,N07XX,
Tropicamide,S01FA,
Trospium Chloride,G04BD,
Tucatinib,L01EH,
Typhoid Vi Polysacch Vaccine,,
Ubidecarenone,C01EB,
Ublituximab-Xiiy,L04AG,Arthritis
Ubrogepant,N02CD,
Ulipristal Acetate,G03AD|G03XB,
Umeclidinium Brm/Vilanterol Tr,,
Umeclidinium Bromide,R03BB,
Upadacitinib,L04AF,Arthritis
Urea,B05BC|D02AE|V04CX,
Ursodiol,A05AA,
Ustekinumab,L04AC,Arthritis
Valacyclovir HCl,,
Valbenazine Tosylate,N07XX,
Valganciclovir HCl,,
Valproic Acid,N03AG,
Valproic Acid (As Sodium Salt),,
Valsartan,C09CA|C09DB|C09DX,Hypertension
Valsartan/Hydrochlorothiazide,,
Vancomycin HCl,,
Vancomycin HCl In 5 % Dextrose,,
Vancomycin/0.9 % Sod Chloride,,
Vancomycin/Water For Inj (PEG),,
Vandetanib,L01EX,
Vardenafil HCl,,
Varenicline Tartrate,N07BA|S01XA,
Varicella Vaccine Live/PF,,
Varicella-Zoster Ge/As01b/PF,,
Vedolizumab,L04AG,Arthritis
Velaglucerase Alfa,A16AB,
Vemurafenib,L01EC,
Venetoclax,L01XX,
Venlafaxine Besylate,N06AX,
Venlafaxine HCl,,
Verapamil HCl,,
Vericiguat,C01DX,
Vibegron,G04BD,
Vigabatrin,N03AG,
Vilazodone HCl,,
Viloxazine HCl,,
Vinblastine Sulfate,L01CA,
Vincristine Sulfate,L01CA,
Vinorelbine Tartrate,L01CA,
Vismodegib,L01XJ,
Vit B Comp No.3/Folic/C/Biotin,,
Voclosporin,L04AD,Arthritis
Vonoprazan Fumarate,A02BC,
Vorapaxar Sulfate,B01AC,
Voriconazole,J02AC,
Vorinostat,L01XH,
Vortioxetine Hydrobromide,N06AX,
Voxelotor,B06AX,
Vutrisiran Sodium,N07XX,
Warfarin Sodium,B01AA,
"Water For Irrigation,Sterile",,
Weed Pollen-Short Ragweed,,
Yellow Fever Vaccine Live/PF,,
Zafirlukast,R03DC,
Zaleplon,N05CF,
Zanamivir,J05AH,
Zanubrutinib,L01EL,
Zavegepant HCl,,
Ziconotide Acetate,N02BG,
Zidovudine,J05AF|J05AR,
Zileuton,,
Ziprasidone HCl,,
Ziprasidone Mesylate,N05AE,
Zoledronic Ac/Mannitol/0.9nacl,,
Zoledronic Acid,M05BA,
Zoledronic Acid/Mannitol-Water,,
Zolmitriptan,N02CC,
Zolpidem Tartrate,N05CF,
Zonisamide,N03AX,
