code,drug_name,condition
C02BA01,trimetaphan,Hypertension
C02KX05,riociguat,Hypertension
C02KX04,macitentan,Hypertension
C02CC01,betanidine,Hypertension
C02AA06,methoserpidine,Hypertension
C02AC01,clonidine,Hypertension
C02KX54,macitentan and tadalafil,Hypertension
C02KB01,metirosine,Hypertension
C02KX06,sotatercept,Hypertension
C02KN01,aprocitentan,Hypertension
C02AC05,moxonidine,Hypertension
C02CC04,debrisoquine,Hypertension
C02DA01,diazoxide,Hypertension
C02DG01,pinacidil,Hypertension
C02DB01,dihydralazine,Hypertension
C02KX02,ambrisentan,Hypertension
C02CA06,urapidil,Hypertension
C02AC02,guanfacine,Hypertension
C02CA04,doxazosin,Hypertension
C02CC02,guanethidine,Hypertension
C02DB02,hydralazine,Hypertension
C02AC06,rilmenidine,Hypertension
C02CA02,indoramin,Hypertension
C02KD01,ketanserin,Hypertension
C02AA05,deserpidine,Hypertension
C02BB01,mecamylamine,Hypertension
C02AB01,methyldopa (levorotatory),Hypertension
C02DC01,minoxidil,Hypertension
C02DD01,nitroprusside,Hypertension
C02KX01,bosentan,Hypertension
C02KC01,pargyline,Hypertension
C02CA01,prazosin,Hypertension
C02AA01,rescinnamine,Hypertension
C02AA02,reserpine,Hypertension
C03BD01,theobromine,Hypertension
C03DB02,triamterene,Hypertension
C03AA06,trichlormethiazide,Hypertension
C03BA10,xipamide,Hypertension
C03AA01,bendroflumethiazide,Hypertension
C03CA02,bumetanide,Hypertension
C03DA02,potassium canrenoate,Hypertension
C03DA03,canrenone,Hypertension
C03BX03,cicletanine,Hypertension
C03AA09,cyclothiazide,Hypertension
C03AA04,chlorothiazide,Hypertension
C03BA04,chlortalidone,Hypertension
C03DA05,finerenone,Hypertension
C03BA03,clopamide,Hypertension
C03DA04,eplerenone,Hypertension
C03AA07,cyclopenthiazide,Hypertension
C03XA02,conivaptan,Hypertension
C03CA03,piretanide,Hypertension
C03XA01,tolvaptan,Hypertension
C03CA04,torasemide,Hypertension
C03CB01,furosemide and potassium,Hypertension
C03CB02,bumetanide and potassium,Hypertension
C03AB01,bendroflumethiazide and potassium,Hypertension
C03CC01,etacrynic acid,Hypertension
C03CA01,furosemide,Hypertension
C03AA03,hydrochlorothiazide,Hypertension
C03AA02,hydroflumethiazide,Hypertension
C03BA11,indapamide,Hypertension
C03BA02,quinethazone,Hypertension
C03DB01,amiloride,Hypertension
C03BA05,mefruside,Hypertension
C03BC01,mersalyl,Hypertension
C03AA08,methyclothiazide,Hypertension
C03BA08,metolazone,Hypertension
C03AA05,polythiazide,Hypertension
C03DA01,spironolactone,Hypertension
C07FB02,metoprolol and felodipine,Hypertension
C07AA06,timolol,Hypertension
C07AB03,atenolol,Hypertension
C07AB04,acebutolol,Hypertension
C07AB05,betaxolol,Hypertension
C07AA19,bupranolol,Hypertension
C07AB07,bisoprolol,Hypertension
C07AA17,bopindolol,Hypertension
C07AG02,carvedilol,Hypertension
C07AB08,celiprolol,Hypertension
C07AA15,carteolol,Hypertension
C07AB14,landiolol,Hypertension
C07AA14,mepindolol,Hypertension
C07AB12,nebivolol,Hypertension
C07AB13,talinolol,Hypertension
C07AA16,tertatolol,Hypertension
C07FB03,atenolol and nifedipine,Hypertension
C07AB09,esmolol,Hypertension
C07AA01,alprenolol,Hypertension
C07AG01,labetalol,Hypertension
C07AB02,metoprolol,Hypertension
C07AA12,nadolol,Hypertension
C07AA02,oxprenolol,Hypertension
C07AA23,penbutolol,Hypertension
C07AA03,pindolol,Hypertension
C07AB01,practolol,Hypertension
C07AA05,propranolol,Hypertension
C07AA07,sotalol,Hypertension
C08DA01,verapamil,Hypertension
C08CA13,lercanidipine,Hypertension
C08EA02,bepridil,Hypertension
C08CA01,amlodipine,Hypertension
C08CA51,amlodipine and celecoxib,Hypertension
C08CA16,clevidipine,Hypertension
C08CA17,levamlodipine,Hypertension
C08CA09,lacidipine,Hypertension
C08CA11,manidipine,Hypertension
C08CA03,isradipine,Hypertension
C08DB01,diltiazem,Hypertension
C08CA12,barnidipine,Hypertension
C08CA02,felodipine,Hypertension
C08EA01,fendiline,Hypertension
C08DA02,gallopamil,Hypertension
C08CA10,nilvadipine,Hypertension
C08EX01,lidoflazine,Hypertension
C08CA04,nicardipine,Hypertension
C08CA05,nifedipine,Hypertension
C08CA06,nimodipine,Hypertension
C08CA07,nisoldipine,Hypertension
C08CA08,nitrendipine,Hypertension
C08EX02,perhexiline,Hypertension
C08CX01,mibefradil,Hypertension
C09XA53,aliskiren and amlodipine,Hypertension
C09BB04,perindopril and amlodipine,Hypertension
C09XA54,"aliskiren, amlodipine and hydrochlorothiazide",Hypertension
C09CA09,azilsartan medoxomil,Hypertension
C09CA08,olmesartan medoxomil,Hypertension
C09DX04,valsartan and sacubitril,Hypertension
C09DX05,valsartan and nebivolol,Hypertension
C09AA07,benazepril,Hypertension
C09AA01,captopril,Hypertension
C09AA08,cilazapril,Hypertension
C09BB13,benazepril and amlodipine,Hypertension
C09CA06,candesartan,Hypertension
C09BB10,trandolapril and verapamil,Hypertension
C09XX01,sparsentan,Hypertension
C09AA03,lisinopril,Hypertension
C09AA13,moexipril,Hypertension
C09XA02,aliskiren,Hypertension
C09AA06,quinapril,Hypertension
C09AA05,ramipril,Hypertension
C09AA11,spirapril,Hypertension
C09AA02,enalapril,Hypertension
C09AA10,trandolapril,Hypertension
C09BB05,ramipril and felodipine,Hypertension
C09AA15,zofenopril,Hypertension
C09AA09,fosinopril,Hypertension
C09CA01,losartan,Hypertension
C09AA04,perindopril,Hypertension
C09AA16,imidapril,Hypertension
C09CA03,valsartan,Hypertension
C09DB01,valsartan and amlodipine,Hypertension
C09CA07,telmisartan,Hypertension
C09XA52,aliskiren and hydrochlorothiazide,Hypertension
C09CA02,eprosartan,Hypertension
C09CA04,irbesartan,Hypertension
C09DX01,"valsartan, amlodipine and hydrochlorothiazide",Hypertension
C09DX02,valsartan and aliskiren,Hypertension
C09DB04,telmisartan and amlodipine,Hypertension
C10AD03,nicofuranose,High Cholesterol
C10AX12,lomitapide,High Cholesterol
C10AX11,mipomersen,High Cholesterol
C10AC04,colesevelam,High Cholesterol
C10BA05,atorvastatin and ezetimibe,High Cholesterol
C10BA04,simvastatin and fenofibrate,High Cholesterol
C10AB11,choline fenofibrate,High Cholesterol
C10AB02,bezafibrate,High Cholesterol
C10AX14,alirocumab,High Cholesterol
C10AX13,evolocumab,High Cholesterol
C10AD06,acipimox,High Cholesterol
C10AB08,ciprofibrate,High Cholesterol
C10AX15,bempedoic acid,High Cholesterol
C10BA10,bempedoic acid and ezetimibe,High Cholesterol
C10AC01,colestyramine,High Cholesterol
C10AB09,etofibrate,High Cholesterol
C10AX17,evinacumab,High Cholesterol
C10BA06,rosuvastatin and ezetimibe,High Cholesterol
C10AX16,inclisiran,High Cholesterol
C10AB01,clofibrate,High Cholesterol
C10AX18,volanesorsen,High Cholesterol
C10AC02,colestipol,High Cholesterol
C10AA07,rosuvastatin,High Cholesterol
C10AX01,dextrothyroxine,High Cholesterol
C10AX09,ezetimibe,High Cholesterol
C10BA01,lovastatin and nicotinic acid,High Cholesterol
C10AA01,simvastatin,High Cholesterol
C10AX03,tiadenol,High Cholesterol
C10BX03,atorvastatin and amlodipine,High Cholesterol
C10AA04,fluvastatin,High Cholesterol
C10AA03,pravastatin,High Cholesterol
C10AB04,gemfibrozil,High Cholesterol
C10BA02,simvastatin and ezetimibe,High Cholesterol
C10AA06,cerivastatin,High Cholesterol
C10AA02,lovastatin,High Cholesterol
C10AX08,policosanol,High Cholesterol
C10AD02,nicotinic acid,High Cholesterol
C10AD05,nicotinyl alcohol,High Cholesterol
C10AA05,atorvastatin,High Cholesterol
C10AA08,pitavastatin,High Cholesterol
C10AX02,probucol,High Cholesterol
C10AB05,fenofibrate,High Cholesterol
A10BB04,glibornuride,Diabetes
A10BC01,glymidine,Diabetes
A10BD10,metformin and saxagliptin,Diabetes
A10BB05,tolazamide,Diabetes
A10BB03,tolbutamide,Diabetes
A10BH05,linagliptin,Diabetes
A10BH51,sitagliptin and simvastatin,Diabetes
A10BD11,metformin and linagliptin,Diabetes
A10BH04,alogliptin,Diabetes
A10BD13,metformin and alogliptin,Diabetes
A10BD09,pioglitazone and alogliptin,Diabetes
A10BK02,canagliflozin,Diabetes
A10AE05,insulin detemir,Diabetes
A10BX05,pramlintide,Diabetes
A10BJ03,lixisenatide,Diabetes
A10BD15,metformin and dapagliflozin,Diabetes
A10BK01,dapagliflozin,Diabetes
A10BJ04,albiglutide,Diabetes
A10BD16,metformin and canagliflozin,Diabetes
A10BK03,empagliflozin,Diabetes
A10BJ05,dulaglutide,Diabetes
A10BD19,linagliptin and empagliflozin,Diabetes
A10BD20,metformin and empagliflozin,Diabetes
A10BF01,acarbose,Diabetes
A10AE06,insulin degludec,Diabetes
A10AE56,insulin degludec and liraglutide,Diabetes
A10BD21,saxagliptin and dapagliflozin,Diabetes
A10BB31,acetohexamide,Diabetes
A10AE54,insulin glargine and lixisenatide,Diabetes
A10BX06,benfluorex,Diabetes
A10BJ06,semaglutide,Diabetes
A10BK04,ertugliflozin,Diabetes
A10BD23,metformin and ertugliflozin,Diabetes
A10BD24,sitagliptin and ertugliflozin,Diabetes
A10BB06,carbutamide,Diabetes
A10BD25,"metformin, saxagliptin and dapagliflozin",Diabetes
A10AB03,insulin (pork),Diabetes
A10BD27,"metformin, linagliptin and empagliflozin",Diabetes
A10BB02,chlorpropamide,Diabetes
A10AB01,insulin (human),Diabetes
A10BB12,glimepiride,Diabetes
A10BB08,gliquidone,Diabetes
A10BX16,tirzepatide,Diabetes
A10XX01,teplizumab,Diabetes
A10BK08,bexagliflozin,Diabetes
A10BX01,guar gum,Diabetes
A10BK06,sotagliflozin,Diabetes
A10XX02,donislecel,Diabetes
A10BX03,nateglinide,Diabetes
A10AE04,insulin glargine,Diabetes
A10BF02,miglitol,Diabetes
A10BG03,pioglitazone,Diabetes
A10XA01,tolrestat,Diabetes
A10AB06,insulin glulisine,Diabetes
A10BJ02,liraglutide,Diabetes
A10BB01,glibenclamide,Diabetes
A10BB09,gliclazide,Diabetes
A10BB07,glipizide,Diabetes
A10AB05,insulin aspart,Diabetes
A10BH01,sitagliptin,Diabetes
A10BH02,vildagliptin,Diabetes
A10BJ01,exenatide,Diabetes
A10BD04,glimepiride and rosiglitazone,Diabetes
A10BD05,metformin and pioglitazone,Diabetes
A10BD03,metformin and rosiglitazone,Diabetes
A10BD06,glimepiride and pioglitazone,Diabetes
A10BA02,metformin,Diabetes
A10BG01,troglitazone,Diabetes
A10BD07,metformin and sitagliptin,Diabetes
A10BX02,repaglinide,Diabetes
A10BD14,metformin and repaglinide,Diabetes
A10BA01,phenformin,Diabetes
A10BG02,rosiglitazone,Diabetes
A10BH03,saxagliptin,Diabetes
A10AB04,insulin lispro,Diabetes
A08AA11,lorcaserin,Obesity
A08AA51,phentermine and topiramate,Obesity
A08AA62,bupropion and naltrexone,Obesity
A08AA08,clobenzorex,Obesity
A08AA12,setmelanotide,Obesity
A08AA09,mefenorex,Obesity
A08AA07,cathine,Obesity
A08AA04,dexfenfluramine,Obesity
A08AA03,amfepramone,Obesity
A08AA10,sibutramine,Obesity
A08AB01,orlistat,Obesity
A08AA02,fenfluramine,Obesity
A08AA05,mazindol,Obesity
A08AA01,phentermine,Obesity
M01AB02,sulindac,Arthritis
M01AE07,suprofen,Arthritis
M01AX04,azapropazone,Arthritis
M01AB03,tolmetin,Arthritis
M01AE56,naproxen and misoprostol,Arthritis
M01CB03,auranofin,Arthritis
M01AH01,celecoxib,Arthritis
M01AX07,benzydamine,Arthritis
M01AE57,naproxen and diphenhydramine,Arthritis
M01AB16,aceclofenac,Arthritis
M01AB11,acemetacin,Arthritis
M01AE16,alminoprofen,Arthritis
M01AB17,bufexamac,Arthritis
M01AA05,clofezone,Arthritis
M01AB07,bumadizone,Arthritis
M01AC05,lornoxicam,Arthritis
M01AX21,diacerein,Arthritis
M01AH02,rofecoxib,Arthritis
M01AC04,droxicam,Arthritis
M01AE17,dexketoprofen,Arthritis
M01AB08,etodolac,Arthritis
M01AX25,chondroitin sulfate,Arthritis
M01AE05,fenbufen,Arthritis
M01AX13,proquazone,Arthritis
M01AH03,valdecoxib,Arthritis
M01AH04,parecoxib,Arthritis
M01AX24,oxaceprol,Arthritis
M01AA06,kebuzone,Arthritis
M01AB09,lonazolac,Arthritis
M01AE19,loxoprofen,Arthritis
M01AA02,mofebutazone,Arthritis
M01AX22,morniflumate,Arthritis
M01AH05,etoricoxib,Arthritis
M01AX01,nabumetone,Arthritis
M01AX14,orgotein,Arthritis
M01AE12,oxaprozin,Arthritis
M01AB05,diclofenac,Arthritis
M01AB14,proglumetacin,Arthritis
M01AB15,ketorolac,Arthritis
M01AC02,tenoxicam,Arthritis
M01AE11,tiaprofenic acid,Arthritis
M01AG02,tolfenamic acid,Arthritis
M01AB04,zomepirac,Arthritis
M01AC06,meloxicam,Arthritis
M01AE04,fenoprofen,Arthritis
M01AG03,flufenamic acid,Arthritis
M01AE09,flurbiprofen,Arthritis
M01AX05,glucosamine,Arthritis
M01CB04,aurothioglucose,Arthritis
M01CB01,sodium aurothiomalate,Arthritis
M01AX17,nimesulide,Arthritis
M01AE01,ibuprofen,Arthritis
M01AB01,indometacin,Arthritis
M01AE03,ketoprofen,Arthritis
M01AG04,meclofenamic acid,Arthritis
M01AG01,mefenamic acid,Arthritis
M01AE02,naproxen,Arthritis
M01AX02,niflumic acid,Arthritis
M01AA03,oxyphenbutazone,Arthritis
M01CC01,penicillamine,Arthritis
M01AA01,phenylbutazone,Arthritis
M01AC01,piroxicam,Arthritis
M01AX18,feprazone,Arthritis
M01CB02,sodium aurotiosulfate,Arthritis
M01AE52,naproxen and esomeprazole,Arthritis
M02AX02,tolazoline,Arthritis
M02AA21,tolmetin,Arthritis
M02AX06,tolperisone,Arthritis
M02AA05,benzydamine,Arthritis
M02AA25,aceclofenac,Arthritis
M02AA09,bufexamac,Arthritis
M02AA03,clofezone,Arthritis
M02AX05,idrocilamide,Arthritis
M02AB01,capsaicin,Arthritis
M02AA27,dexketoprofen,Arthritis
M02AA06,etofenamate,Arthritis
M02AA08,felbinac,Arthritis
M02AA31,loxoprofen,Arthritis
M02AA02,mofebutazone,Arthritis
M02AA15,diclofenac,Arthritis
M02AX03,dimethyl sulfoxide,Arthritis
M02AA19,flurbiprofen,Arthritis
M02AA26,nimesulide,Arthritis
M02AA13,ibuprofen,Arthritis
M02AA23,indometacin,Arthritis
M02AA10,ketoprofen,Arthritis
M02AA18,meclofenamic acid,Arthritis
M02AA12,naproxen,Arthritis
M02AA17,niflumic acid,Arthritis
M02AA04,oxyphenbutazone,Arthritis
M02AA01,phenylbutazone,Arthritis
M02AA28,piketoprofen,Arthritis
M02AA07,piroxicam,Arthritis
M02AA16,feprazone,Arthritis
M04AX02,pegloticase,Arthritis
M04AB02,sulfinpyrazone,Arthritis
M04AB03,benzbromarone,Arthritis
M04AB05,lesinurad,Arthritis
M04AC51,colchicine and probenecid,Arthritis
M04AC01,colchicine,Arthritis
M04AA02,tisopurine,Arthritis
M04AA01,allopurinol,Arthritis
M04AA03,febuxostat,Arthritis
M04AB01,probenecid,Arthritis
L04AE01,fingolimod,Arthritis
L04AX02,thalidomide,Arthritis
L04AA04,antithymocyte immunoglobulin (rabbit),Arthritis
L04AG04,belimumab,Arthritis
L04AA28,belatacept,Arthritis
L04AG06,alemtuzumab,Arthritis
L04AX01,azathioprine,Arthritis
L04AK02,teriflunomide,Arthritis
L04AA22,abetimus,Arthritis
L04AF01,tofacitinib,Arthritis
L04AX06,pomalidomide,Arthritis
L04AX07,dimethyl fumarate,Arthritis
L04AH02,everolimus,Arthritis
L04AA32,apremilast,Arthritis
L04AC11,siltuximab,Arthritis
L04AG05,vedolizumab,Arthritis
L04AX05,pirfenidone,Arthritis
L04AC10,secukinumab,Arthritis
L04AC13,ixekizumab,Arthritis
L04AC12,brodalumab,Arthritis
L04AG08,ocrelizumab,Arthritis
L04AC01,daclizumab,Arthritis
L04AB02,infliximab,Arthritis
L04AC14,sarilumab,Arthritis
L04AC16,guselkumab,Arthritis
L04AC02,basiliximab,Arthritis
L04AF02,baricitinib,Arthritis
L04AC17,tildrakizumab,Arthritis
L04AG09,emapalumab,Arthritis
L04AJ02,ravulizumab,Arthritis
L04AE03,siponimod,Arthritis
L04AB01,etanercept,Arthritis
L04AC18,risankizumab,Arthritis
L04AF03,upadacitinib,Arthritis
L04AX09,diroximel fumarate,Arthritis
L04AG13,teprotumumab,Arthritis
L04AE02,ozanimod,Arthritis
L04AG10,inebilizumab,Arthritis
L04AC19,satralizumab,Arthritis
L04AD03,voclosporin,Arthritis
L04AE04,ponesimod,Arthritis
L04AJ03,pegcetacoplan,Arthritis
L04AA48,belumosudil,Arthritis
L04AG11,anifrolumab,Arthritis
L04AJ05,avacopan,Arthritis
L04AA58,efgartigimod alfa,Arthritis
L04AJ04,sutimlimab,Arthritis
L04AC22,spesolimab,Arthritis
L04AF07,deucravacitinib,Arthritis
L04AG14,ublituximab,Arthritis
L04AJ10,vilobelimab,Arthritis
L04AF08,ritlecitinib,Arthritis
L04AG16,rozanolixizumab,Arthritis
L04AJ11,pozelimab,Arthritis
L04AC21,bimekizumab,Arthritis
L04AE05,etrasimod,Arthritis
L04AC24,mirikizumab,Arthritis
L04AJ08,iptacopan,Arthritis
L04AJ06,zilucoplan,Arthritis
L04AJ09,danicopan,Arthritis
L04AJ07,crovalimab,Arthritis
L04AK01,leflunomide,Arthritis
L04AA15,alefacept,Arthritis
L04AD01,ciclosporin,Arthritis
L04AB04,adalimumab,Arthritis
L04AX04,lenalidomide,Arthritis
L04AH01,sirolimus,Arthritis
L04AG03,natalizumab,Arthritis
L04AG02,efalizumab,Arthritis
L04AD02,tacrolimus,Arthritis
L04AG01,muromonab-CD3,Arthritis
L04AA40,cladribine,Arthritis
L04AJ01,eculizumab,Arthritis
L04AC07,tocilizumab,Arthritis
L04AA24,abatacept,Arthritis
L04AX03,methotrexate,Arthritis
L04AB05,certolizumab pegol,Arthritis
L04AG12,ofatumumab,Arthritis
L04AA06,mycophenolic acid,Arthritis
L04AC03,anakinra,Arthritis
L04AC04,rilonacept,Arthritis
L04AB06,golimumab,Arthritis
L04AC05,ustekinumab,Arthritis
L04AC08,canakinumab,Arthritis
L04AA03,antilymphocyte immunoglobulin (horse),Arthritis
